set,run,class_on,withheld,switches,pk_low,markup_low,tol,max_W,last,why,pk_low_path,withheld_path
psi075-p8-400k,heads.capacity*2,ORBITING,52968,105102,0.6452639,0.6815434,,inf,2.253672e2,,,
psi075-p8-40k,heads.capacity*2,ORBITING,5793,10752,0.6452639,0.6815434,,inf,4.871568e2,,,
psi1-f1,hold,ORBITING,18173,36346,0.9171688,0.9147371,,inf,9.438876e0,,,
psi1-f1,p[horse]*0.999999999,VACUOUS,18173,36345,0.9171688,0.9147371,,inf,9.423760e0,,,
psi1-f1,p[horse]*1.000000001,VACUOUS,18173,36346,0.9171688,0.9147371,,inf,9.438876e0,,,
psi1-f2,hold,ORBITING,128243,253550,0.9156185,0.9035299,,inf,inf,,,
psi1-f2,p[horse]*0.999999999,VACUOUS,128243,253550,0.9156185,0.9035299,,inf,inf,,,
psi1-f2,p[horse]*1.000000001,VACUOUS,128241,253548,0.9156185,0.9035299,,inf,6.899959e2,,,
psi1-h1,hold,ORBITING,3649,7298,0.9228506,0.9194034,,inf,7.151111e1,,0.9228505995333046,3649
psi1-h1,p[horse]*0.999999999,VACUOUS,3649,7297,0.9228506,0.9194034,,inf,7.158524e1,,0.9228505995331853,3649
psi1-h1,p[horse]*1.000000001,VACUOUS,3649,7298,0.9228506,0.9194034,,inf,7.143648e1,,0.922850599533298,3649
psi1-h2,hold,ORBITING,9631,18856,0.9142336,0.9039964,,inf,inf,,0.914233594091158,9631
psi1-h2,p[horse]*0.999999999,VACUOUS,9631,18856,0.9142336,0.9039964,,inf,inf,,0.9142335940913683,9631
psi1-h2,p[horse]*1.000000001,VACUOUS,9629,18854,0.9142336,0.9039964,,inf,7.018450e2,,0.9142335940911512,9629
psi1-h3,hold,ORBITING,4981,9961,0.920418,0.9170782,,inf,5.676356e2,,0.9204180160035064,4981
psi1-h3,p[horse]*0.999999999,VACUOUS,4981,9961,0.920418,0.9170782,,inf,5.676356e2,,0.9204180160035079,4981
psi1-h3,p[horse]*1.000000001,VACUOUS,4980,9960,0.920418,0.9170782,,inf,5.751456e2,,0.9204180160035066,4980
psi1-h4,hold,ORBITING,12067,23668,0.9151821,0.9038518,,inf,6.667001e2,,0.9151821156811276,12067
psi1-h4,p[horse]*0.999999999,VACUOUS,12068,23669,0.9151821,0.9038518,,inf,6.665394e2,,0.915182115681061,12068
psi1-h4,p[horse]*1.000000001,VACUOUS,12067,23667,0.9151821,0.9038518,,inf,inf,,0.9151821156812655,12067
