set,inst,group,runs,mirror,engine,ttol_median_mirror,ttol_median_engine,ttol_max_mirror,ttol_max_engine,pl,kick_engine
tier 3,iw1,rate.*=0.75,39,CONVERGED 39,CONVERGED 39,745,745,951,951,0.990265,True
tier 3S,iw1,rate.*=0.75,20,CONVERGED 20,CONVERGED 20,532.5,532.5,737,737,0.990265,True
tier 3,iw1,rate.*=0.9,39,CONVERGED 39,CONVERGED 39,614,614,773,773,0.988383,True
tier 3S,iw1,rate.*=0.9,20,CONVERGED 20,CONVERGED 20,456.5,456.5,599,599,0.988383,True
tier 3,iw1,rate.*=1.1,39,CONVERGED 39,CONVERGED 39,513,513,620,620,0.985911,True
tier 3S,iw1,rate.*=1.1,20,CONVERGED 20,CONVERGED 20,377.5,377.5,513,513,0.985911,True
tier 3,iw1,rate.*=1.25,39,CONVERGED 39,CONVERGED 39,445,445,556,556,0.984346,True
tier 3S,iw1,rate.*=1.25,20,CONVERGED 20,CONVERGED 20,347.0,347.0,438,438,0.984346,True
tier 3,iw1,buffer.*=0.75,39,CONVERGED 39,CONVERGED 39,560,560,691,691,0.98689,True
tier 3S,iw1,buffer.*=0.75,20,CONVERGED 20,CONVERGED 20,416.5,416.5,543,543,0.98689,True
tier 3,iw1,buffer.*=0.9,39,CONVERGED 39,CONVERGED 39,559,559,684,684,0.986964,True
tier 3S,iw1,buffer.*=0.9,20,CONVERGED 20,CONVERGED 20,409.0,409.0,556,556,0.986964,True
tier 3,iw1,buffer.*=1.1,39,CONVERGED 39,CONVERGED 39,556,556,703,703,0.987026,True
tier 3S,iw1,buffer.*=1.1,20,CONVERGED 20,CONVERGED 20,401.5,401.5,545,545,0.987026,True
tier 3,iw1,buffer.*=1.25,39,CONVERGED 39,CONVERGED 39,547,547,697,697,0.98687,True
tier 3S,iw1,buffer.*=1.25,20,CONVERGED 20,CONVERGED 20,413.0,413.0,539,539,0.98687,True
tier 3,iw1,adjust.*=0.75,39,CONVERGED 39,CONVERGED 39,561,561,705,705,0.987132,True
tier 3S,iw1,adjust.*=0.75,20,CONVERGED 20,CONVERGED 20,404.0,404.0,550,550,0.987132,True
tier 3,iw1,adjust.*=0.9,39,CONVERGED 39,CONVERGED 39,561,561,705,705,0.987132,True
tier 3S,iw1,adjust.*=0.9,20,CONVERGED 20,CONVERGED 20,404.0,404.0,550,550,0.987132,True
tier 3,iw1,adjust.*=1.1,39,CONVERGED 39,CONVERGED 39,561,561,705,705,0.987132,True
tier 3S,iw1,adjust.*=1.1,20,CONVERGED 20,CONVERGED 20,404.0,404.0,550,550,0.987132,True
tier 3,iw1,adjust.*=1.25,39,CONVERGED 39,CONVERGED 39,560,560,705,705,0.987132,True
tier 3S,iw1,adjust.*=1.25,20,CONVERGED 20,CONVERGED 20,404.0,404.0,550,550,0.987132,True
tier 3,iw1,tilt.*=0.05,39,CONVERGED 39,CONVERGED 39,555,555,700,700,0.987044,True
tier 3S,iw1,tilt.*=0.05,20,CONVERGED 20,CONVERGED 20,400.5,400.5,544,544,0.987044,True
tier 3,iw1,tilt.*=0.1,39,CONVERGED 39,CONVERGED 39,548,548,695,695,0.986956,True
tier 3S,iw1,tilt.*=0.1,20,CONVERGED 20,CONVERGED 20,397.0,397.0,541,541,0.986956,True
tier 3,iw1,tilt.*=0.25,39,CONVERGED 39,CONVERGED 39,521,521,667,667,0.98664,True
tier 3S,iw1,tilt.*=0.25,20,CONVERGED 20,CONVERGED 20,388.0,388.0,531,531,0.98664,True
tier 3,iw1,tilt.*=0.5,39,CONVERGED 39,CONVERGED 39,497,497,653,653,0.986245,True
tier 3S,iw1,tilt.*=0.5,20,CONVERGED 20,CONVERGED 20,366.5,366.5,497,497,0.986245,True
tier 3,iw1,tilt.*=1,39,CONVERGED 39,CONVERGED 39,457,457,637,637,0.985464,True
tier 3S,iw1,tilt.*=1,20,CONVERGED 20,CONVERGED 20,328.0,328.0,467,467,0.985464,True
tier 3,c1,rate.*=0.75,43,CONVERGED 40; DIVERGED 3,CONVERGED 40; DIVERGED 3,450.0,450.0,820,820,0.984868,True
tier 3S,c1,rate.*=0.75,24,CONVERGED 24,CONVERGED 24,384.5,384.5,499,499,0.984868,True
tier 3,c1,rate.*=0.9,43,CONVERGED 41; DIVERGED 2,CONVERGED 41; DIVERGED 2,438,438,908,908,0.985302,True
tier 3S,c1,rate.*=0.9,24,CONVERGED 24,CONVERGED 24,377.0,377.0,569,569,0.985302,True
tier 3,c1,rate.*=1.1,43,CONVERGED 43,CONVERGED 43,479,479,916,916,0.986929,True
tier 3S,c1,rate.*=1.1,24,CONVERGED 24,CONVERGED 24,373.0,373.0,557,557,0.986929,True
tier 3,c1,rate.*=1.25,43,CONVERGED 43,CONVERGED 43,496,496,862,862,0.98784,True
tier 3S,c1,rate.*=1.25,24,CONVERGED 24,CONVERGED 24,383.5,383.5,595,595,0.98784,True
tier 3,c1,buffer.*=0.75,43,CONVERGED 43,CONVERGED 43,600,600,1175,1175,0.990214,True
tier 3S,c1,buffer.*=0.75,24,CONVERGED 24,CONVERGED 24,447.5,447.5,737,737,0.990214,True
tier 3,c1,buffer.*=0.9,43,CONVERGED 43,CONVERGED 43,522,522,1012,1012,0.987825,True
tier 3S,c1,buffer.*=0.9,24,CONVERGED 24,CONVERGED 24,409.5,409.5,605,605,0.987825,True
tier 3,c1,buffer.*=1.1,43,CONVERGED 42; DIVERGED 1,CONVERGED 42; DIVERGED 1,439.5,439.5,814,814,0.984279,True
tier 3S,c1,buffer.*=1.1,24,CONVERGED 24,CONVERGED 24,354.0,354.0,515,515,0.984279,True
tier 3,c1,buffer.*=1.25,43,CONVERGED 40; DIVERGED 3,CONVERGED 40; DIVERGED 3,349.0,349.0,677,677,0.981505,True
tier 3S,c1,buffer.*=1.25,24,CONVERGED 24,CONVERGED 24,327.0,327.0,485,485,0.981505,True
tier 3,c1,adjust.*=0.75,43,CONVERGED 43,CONVERGED 43,491,491,949,949,0.985913,True
tier 3S,c1,adjust.*=0.75,24,CONVERGED 24,CONVERGED 24,388.0,388.0,533,533,0.985913,True
tier 3,c1,adjust.*=0.9,43,CONVERGED 43,CONVERGED 43,491,491,830,830,0.98608,True
tier 3S,c1,adjust.*=0.9,24,CONVERGED 24,CONVERGED 24,380.5,380.5,534,534,0.98608,True
tier 3,c1,adjust.*=1.1,43,CONVERGED 43,CONVERGED 43,491,491,826,826,0.986106,True
tier 3S,c1,adjust.*=1.1,24,CONVERGED 24,CONVERGED 24,376.0,376.0,535,535,0.986106,True
tier 3,c1,adjust.*=1.25,43,CONVERGED 43,CONVERGED 43,502,502,825,825,0.98615,True
tier 3S,c1,adjust.*=1.25,24,CONVERGED 24,CONVERGED 24,369.0,369.0,539,539,0.98615,True
tier 3,c1,tilt.*=0.05,43,CONVERGED 43,CONVERGED 43,407,407,820,820,0.984468,True
tier 3S,c1,tilt.*=0.05,24,CONVERGED 24,CONVERGED 24,350.0,350.0,519,519,0.984468,True
tier 3,c1,tilt.*=0.1,43,CONVERGED 43,CONVERGED 43,357,357,665,665,0.982817,True
tier 3S,c1,tilt.*=0.1,24,CONVERGED 24,CONVERGED 24,343.0,343.0,455,455,0.982817,True
tier 3,c1,tilt.*=0.25,43,CONVERGED 40; DIVERGED 3,CONVERGED 40; DIVERGED 3,338.0,338.0,516,516,0.97924,True
tier 3S,c1,tilt.*=0.25,24,CONVERGED 24,CONVERGED 24,228.5,228.5,381,381,0.97924,True
tier 3,c1,tilt.*=0.5,43,CONVERGED 40; DIVERGED 3,CONVERGED 40; DIVERGED 3,307.0,307.0,449,449,0.977136,True
tier 3S,c1,tilt.*=0.5,24,CONVERGED 24,CONVERGED 24,259.0,259.0,349,349,0.977136,True
tier 3,c1,tilt.*=1,43,CONVERGED 40; DIVERGED 3,CONVERGED 40; DIVERGED 3,412.5,412.5,646,646,0.983373,True
tier 3S,c1,tilt.*=1,24,CONVERGED 24,CONVERGED 24,338.5,338.5,470,470,0.983373,True
tier 3,c2,rate.*=0.75,43,CONVERGED 41; VACUOUS 2,CONVERGED 41; VACUOUS 2,474,474,782,782,0.984901,True
tier 3S,c2,rate.*=0.75,24,CONVERGED 24,CONVERGED 24,394.0,394.0,580,580,0.984901,True
tier 3,c2,rate.*=0.9,43,CONVERGED 41; VACUOUS 2,CONVERGED 41; VACUOUS 2,504,504,667,667,0.985419,True
tier 3S,c2,rate.*=0.9,24,CONVERGED 24,CONVERGED 24,358.0,358.0,570,570,0.985419,True
tier 3,c2,rate.*=1.1,43,CONVERGED 41; VACUOUS 2,CONVERGED 41; VACUOUS 2,497,497,709,709,0.986479,True
tier 3S,c2,rate.*=1.1,24,CONVERGED 24,CONVERGED 24,429.5,429.5,600,600,0.986479,True
tier 3,c2,rate.*=1.25,43,CONVERGED 41; VACUOUS 2,CONVERGED 41; VACUOUS 2,529,529,655,655,0.98708,True
tier 3S,c2,rate.*=1.25,24,CONVERGED 24,CONVERGED 24,414.5,414.5,587,587,0.98708,True
tier 3,c2,buffer.*=0.75,43,CONVERGED 41; VACUOUS 2,CONVERGED 41; VACUOUS 2,650,650,820,820,0.989421,True
tier 3S,c2,buffer.*=0.75,24,CONVERGED 24,CONVERGED 24,521.5,521.5,737,737,0.989421,True
tier 3,c2,buffer.*=0.9,43,CONVERGED 41; VACUOUS 2,CONVERGED 41; VACUOUS 2,527,527,776,776,0.987444,True
tier 3S,c2,buffer.*=0.9,24,CONVERGED 24,CONVERGED 24,366.5,366.5,567,567,0.987444,True
tier 3,c2,buffer.*=1.1,43,CONVERGED 41; VACUOUS 2,CONVERGED 41; VACUOUS 2,486,486,601,601,0.984465,True
tier 3S,c2,buffer.*=1.1,24,CONVERGED 24,CONVERGED 24,329.5,329.5,519,519,0.984465,True
tier 3,c2,buffer.*=1.25,43,CONVERGED 41; VACUOUS 2,CONVERGED 41; VACUOUS 2,398,398,589,589,0.982223,True
tier 3S,c2,buffer.*=1.25,24,CONVERGED 24,CONVERGED 24,311.0,311.0,495,495,0.982223,True
tier 3,c2,adjust.*=0.75,43,CONVERGED 41; VACUOUS 2,CONVERGED 41; VACUOUS 2,514,514,637,637,0.985893,True
tier 3S,c2,adjust.*=0.75,24,CONVERGED 24,CONVERGED 24,343.0,343.0,543,543,0.985893,True
tier 3,c2,adjust.*=0.9,43,CONVERGED 41; VACUOUS 2,CONVERGED 41; VACUOUS 2,513,513,639,639,0.985902,True
tier 3S,c2,adjust.*=0.9,24,CONVERGED 24,CONVERGED 24,341.0,341.0,543,543,0.985902,True
tier 3,c2,adjust.*=1.1,43,CONVERGED 41; VACUOUS 2,CONVERGED 41; VACUOUS 2,510,510,641,641,0.986018,True
tier 3S,c2,adjust.*=1.1,24,CONVERGED 24,CONVERGED 24,340.0,340.0,543,543,0.986018,True
tier 3,c2,adjust.*=1.25,43,CONVERGED 41; VACUOUS 2,CONVERGED 41; VACUOUS 2,508,508,642,642,0.986027,True
tier 3S,c2,adjust.*=1.25,24,CONVERGED 24,CONVERGED 24,342.0,342.0,543,543,0.986027,True
tier 3,c2,tilt.*=0.05,43,CONVERGED 41; VACUOUS 2,CONVERGED 41; VACUOUS 2,443,443,609,609,0.984159,True
tier 3S,c2,tilt.*=0.05,24,CONVERGED 24,CONVERGED 24,331.0,331.0,527,527,0.984159,True
tier 3,c2,tilt.*=0.1,43,CONVERGED 41; VACUOUS 2,CONVERGED 41; VACUOUS 2,386,386,605,605,0.982341,True
tier 3S,c2,tilt.*=0.1,24,CONVERGED 24,CONVERGED 24,316.5,316.5,494,494,0.982341,True
tier 3,c2,tilt.*=0.25,43,CONVERGED 41; VACUOUS 2,CONVERGED 41; VACUOUS 2,355,355,481,481,0.978552,True
tier 3S,c2,tilt.*=0.25,24,CONVERGED 24,CONVERGED 24,222.0,222.0,394,394,0.978552,True
tier 3,c2,tilt.*=0.5,43,CONVERGED 41; VACUOUS 2,CONVERGED 41; VACUOUS 2,306,306,464,464,0.976482,True
tier 3S,c2,tilt.*=0.5,24,CONVERGED 24,CONVERGED 24,246.0,246.0,333,333,0.976482,True
tier 3,c2,tilt.*=1,43,CONVERGED 41; VACUOUS 2,CONVERGED 41; VACUOUS 2,412,412,640,640,0.983217,True
tier 3S,c2,tilt.*=1,24,CONVERGED 24,CONVERGED 24,345.5,345.5,456,456,0.983217,True
