run	tier	tpy	cls	ticks_to_tol	peak_Dhat	dead	baskets_trough	baskets_none	worst_fill	transfer_short	depth_min	breach_ticks	first_breach	smax_services	smax_goods	F_hi_entrant	F_hi_trained	F_hi_master	sat_entrant	sat_trained	sat_master	dead_labour	dead_land	dead_services	dead_goods	dead_mach	dead_labour.trained	dead_labour.master
coin.desk.services*0.02	3	52.0	CONVERGED	626	3912.023005428146	77	0.02000000000000011	0	0.020382997649373014	230.2736926962488	0.33202858249534584	0		0.0	0.0	0.5626010965560797	0.3781756402635341	0.5435878899807712	0	0	0	21	18	76	53	36	28	0
coin.desk.services*0.1	3	52.0	CONVERGED	605	2302.5850929940457	65	0.1000000000000001	0	0.10175591772727552	125.74436208402578	0.4509885830518014	0		0.0	0.0	0.5288539931607259	0.3743908346848806	0.530270506526119	0	0	0	13	5	62	41	29	20	0
coin.desk.services*0.5	3	52.0	CONVERGED	501	693.1471805599452	0	0.5000000000000001	0	0.5048397792240513	0.0	0.7523339763065866	0		0.0	0.0	0.45715942844267854	0.33893185110324314	0.48927389497906326	0	0	0	0	0	0	0	0	0	0
coin.desk.services*2	3	52.0	CONVERGED	512	1059.7221767409962	8	0.3465520771843505	0	0.33716403243241716	0.0	0.8912181995300642	0		0.0	0.0	0.48771910004882957	0.3740114193425613	0.5274364608877812	0	0	0	0	0	0	8	1	0	0
coin.desk.goods*0.02	3	52.0	CONVERGED	564	3912.023005428146	49	0.02000000000000011	0	0.020199277824443664	56.18500893218286	0.6580627574526388	0		0.0	0.0	0.4930594447005005	0.33721940531151456	0.5793944168274923	0	0	0	0	0	19	39	3	0	29
coin.desk.goods*0.1	3	52.0	CONVERGED	550	2302.585092994045	28	0.10000000000000012	0	0.10091430755623813	24.69366899989051	0.685608883276183	0		0.0	0.0	0.47785657453415975	0.3308296148764349	0.5598469695695716	0	0	0	0	0	5	22	1	0	22
coin.desk.goods*0.5	3	52.0	CONVERGED	457	693.1471805599454	0	0.5000000000000001	0	0.5025294645072735	0.0	0.8173293935434502	0		0.0	0.0	0.44276620380842474	0.31613596031847485	0.5026503763439798	0	0	0	0	0	0	0	0	0	0
coin.desk.goods*2	3	52.0	CONVERGED	519	451.9851237430567	0	0.6363636363636367	0	0.5	0.0	0.8026564637126719	0		0.0	0.0	0.479391195460593	0.35706574597517055	0.5784635653733243	0	0	0	0	0	0	0	0	0	0
coin.desk.mach*0.02	3	52.0	CONVERGED	616	3912.023005428146	66	0.10185338727804877	0	0.09869941222496573	212.7362814149775	0.0899900039596946	0		0.0	0.0	0.544071088193625	0.3473397421468564	0.5313946258760563	0	0	0	0	14	65	65	42	0	0
coin.desk.mach*0.1	3	52.0	CONVERGED	598	2302.585092994045	55	0.17539681720252862	0	0.1703666688313384	128.43258422402687	0.23498891632334518	0		0.0	0.0	0.5221962323386605	0.3411639163971702	0.5220382748022147	0	0	0	0	6	54	54	37	0	0
coin.desk.mach*0.5	3	52.0	CONVERGED	534	693.1471805599452	0	0.5425726394962499	0	0.5335229613933152	0.0	0.6429617517002099	0		0.0	0.0	0.46189709257059164	0.3219724045807729	0.4889963391740104	0	0	0	0	0	0	0	0	0	0
coin.desk.mach*2	3	52.0	CONVERGED	550	559.6157879354225	0	0.5714285714285716	0	0.5582721066197737	0.0	0.942574842758311	0		0.0	0.0	0.47721442475531284	0.3573634607327866	0.5165867373498089	0	0	0	0	0	0	0	0	0	0
stock.services*0.1	3	52.0	CONVERGED	369	2302.585092994045	1	0.09999999999999999	0	0.1	0.0	0.9256181423659483	0		0.0	0.0	0.43365313819470275	0.3184687091249273	0.46788191086408065	0	0	0	0	0	1	0	0	0	0
stock.services*0.5	3	52.0	CONVERGED	336	693.1471805599452	0	0.5	0	0.5000000000000001	0.0	0.9332611178149527	0		0.0	0.0	0.4289367189965161	0.3136835686452285	0.46504497254961585	0	0	0	0	0	0	0	0	0	0
stock.services*2	3	52.0	CONVERGED	359	54.03704496849273	0	0.95089161438983	0	0.936429694555552	0.0	0.910498486670964	0		0.0	0.0	0.427240188644512	0.30978443118185994	0.4662897883038404	0	0	0	0	0	0	0	0	0	0
stock.goods*0.1	3	52.0	CONVERGED	321	2302.585092994045	1	0.09999999999999999	0	0.1	0.0	0.9274582981146918	0		0.0	0.0	0.4275471017270072	0.3096833120971302	0.4755335208290641	0	0	0	0	0	0	1	0	0	0
stock.goods*0.5	3	52.0	CONVERGED	290	693.1471805599452	0	0.5	0	0.5000000000000001	0.0	0.9341998334156832	0		0.0	0.0	0.42553535296336786	0.3087898661863148	0.46929884324122306	0	0	0	0	0	0	0	0	0	0
stock.goods*2	3	52.0	CONVERGED	342	52.94398511362228	0	0.9484331373688186	0	0.939529108958721	0.0	0.9290092231466598	0		0.0	0.0	0.42620885243226697	0.3105039632842534	0.46453813122341553	0	0	0	0	0	0	0	0	0	0
stock.mach*0.1	3	52.0	CONVERGED	456	inf	3	1.1102230246251565e-16	0	0.0	0.0	0.8319505251949266	0		0.0	0.0	0.4469985217260338	0.3171897748143833	0.4773050764579244	0	0	0	0	0	2	2	2	0	0
stock.mach*0.5	3	52.0	CONVERGED	366	1252.7629684953679	2	0.28571428571428586	0	0.2857142857142858	0.0	0.9034405950366118	0		0.0	0.0	0.4318396222357508	0.31181256656368256	0.46743327251220923	0	0	0	0	0	1	1	1	0	0
stock.mach*2	3	52.0	CONVERGED	370	80.14752727944382	0	0.9541189702356672	0	0.94252992796952	0.0	0.9309560509857033	0		0.0	0.0	0.4306969100049442	0.31440271129967673	0.46876233568512116	0	0	0	0	0	0	0	0	0	0
stock.mach*0.01	3	52.0	CONVERGED	532	inf	5	0.0	2	0.0	0.0	0.7193801150234872	0		0.0	0.0	0.4692095255144317	0.3234923643357674	0.49094483888850915	0	0	0	0	0	4	4	4	0	0
stock.mach*10	3	52.0	CONVERGED	432	127.38101222613732	0	0.927983575218894	0	0.9104399201733833	0.0	0.9247839571389054	0		0.0	0.0	0.435147615768015	0.31826621971374697	0.47289932882079344	0	0	0	0	0	0	0	0	0	0
coin.workers*0.1	3	52.0	CONVERGED	390	442.6579944352619	0	0.6423268488829948	0	0.9517746529586654	0.0	0.8415297046240368	0		0.0	0.0	0.4308904456915924	0.31226613805590253	0.4675937829266206	0	0	0	0	0	0	0	0	0	0
coin.workers*2	3	52.0	CONVERGED	543	617.4946806743343	0	0.6853507322536413	0	0.5144427166568946	0.0	0.8628897872921436	0		0.0	0.0	0.48771061312158426	0.34591865044457903	0.5234386323553811	0	0	0	0	0	0	0	0	0	0
coin.workers.trained*0.1	3	52.0	CONVERGED	303	159.71492690728044	0	0.8523867468603075	0	0.9798191125468673	0.0	0.9026278294005655	0		0.0	0.0	0.4264530237955251	0.3096839175028349	0.4641783220402289	0	0	0	0	0	0	0	0	0	0
coin.workers.trained*2	3	52.0	CONVERGED	461	275.72180966058437	0	0.850270577004767	0	0.7492271358954928	0.0	0.9073371089784763	0		0.0	0.0	0.451183921540283	0.3273320321756778	0.4928395297081998	0	0	0	0	0	0	0	0	0	0
coin.workers.master*0.1	3	52.0	CONVERGED	283	104.76027994223267	0	0.9005403743037889	0	0.9862517916534754	0.0	0.915866544622518	0		0.0	0.0	0.42538224823129195	0.30905512718208883	0.4633453815417875	0	0	0	0	0	0	0	0	0	0
coin.workers.master*2	3	52.0	CONVERGED	438	189.36150850977944	0	0.8956385265689958	0	0.8211411463609843	0.0	0.9172797738194147	0		0.0	0.0	0.442242924930998	0.3215736855294036	0.4836224268782362	0	0	0	0	0	0	0	0	0	0
coin.provider*0.5	3	52.0	CONVERGED	326	250.439956150046	0	0.77845822023907	0	0.9700362018668083	0.0	0.8817929265435777	0		0.0	0.0	0.42805224042668233	0.3106185908414449	0.4654155603730035	0	0	0	0	0	0	0	0	0	0
coin.provider*2	3	52.0	CONVERGED	548	679.1390809730357	0	0.658464799383518	0	0.4798150580548677	3.5997009001791787	0.8527652039445573	0		0.0	0.0	0.49442737876841036	0.3489009949409646	0.5282893544314647	0	0	0	0	0	0	0	0	0	0
