target,gap,registered,engine,diff
base,junction,1.0023477090018764,1.0023477090018762,-2.220446049250313e-16
base,depth,0.9425748427583114,0.942574842758311,-3.3306690738754696e-16
base,ceiling,2.5424812767598253,2.5424812767598253,0.0
base,laborshort,0.8602012652231115,0.8602012652231116,1.1102230246251565e-16
base,saturation,0.8602012652231115,0.8602012652231116,1.1102230246251565e-16
base,trained,1.1786549963416462,1.1786549963416462,0.0
base,master,0.7731898882334818,0.7731898882334819,1.1102230246251565e-16
base,eps_trained,0.07366478777969988,0.07366478777969984,-4.163336342344337e-17
base,eps_master,0.4701791215170087,0.4701791215170088,1.1102230246251565e-16
land.mach=0.44,junction,0.8965600231039584,0.8965600231039587,2.220446049250313e-16
land.mach=0.44,depth,0.8460313482518995,0.8460313482518996,1.1102230246251565e-16
land.mach=0.44,ceiling,2.5731941275824726,2.573194127582472,-4.440892098500626e-16
land.mach=0.44,laborshort,0.8830159429892828,0.8830159429892828,0.0
land.mach=0.44,saturation,0.8830159429892828,0.8830159429892828,0.0
land.mach=0.44,trained,1.2014696741078175,1.2014696741078175,0.0
land.mach=0.44,master,0.7960045659996531,0.7960045659996531,0.0
land.mach=0.44,eps_trained,0.07112809289602466,0.07112809289602452,-1.3877787807814457e-16
land.mach=0.44,eps_master,0.4633097041034262,0.4633097041034261,-1.1102230246251565e-16
land.mach=0.36,junction,1.118804000468208,1.1188040004682085,4.440892098500626e-16
land.mach=0.36,depth,1.0477735119923377,1.0477735119923381,4.440892098500626e-16
land.mach=0.36,ceiling,2.5107912236217045,2.510791223621704,-4.440892098500626e-16
land.mach=0.36,laborshort,0.8368539012261202,0.8368539012261201,-1.1102230246251565e-16
land.mach=0.36,saturation,0.8368539012261202,0.8368539012261201,-1.1102230246251565e-16
land.mach=0.36,trained,1.155307632344655,1.155307632344655,0.0
land.mach=0.36,master,0.7498425242364907,0.7498425242364906,-1.1102230246251565e-16
land.mach=0.36,eps_trained,0.07633015433547512,0.07633015433547503,-8.326672684688674e-17
land.mach=0.36,eps_master,0.47740214587376545,0.4774021458737653,-1.6653345369377348e-16
land.mach=0.8,junction,0.22535024168601211,0.2253502416860126,4.718447854656915e-16
land.mach=0.8,depth,0.2163635500677934,0.21636355006779395,5.551115123125783e-16
land.mach=0.8,ceiling,2.8138784490893065,2.813878449089306,-4.440892098500626e-16
land.mach=0.8,laborshort,1.0678406300013559,1.0678406300013559,0.0
land.mach=0.8,saturation,1.0678406300013559,1.0678406300013559,0.0
land.mach=0.8,trained,1.3862943611198906,1.3862943611198906,0.0
land.mach=0.8,master,0.9808292530117263,0.9808292530117262,-1.1102230246251565e-16
land.mach=0.8,eps_trained,0.052829728824178704,0.05282972882417839,-3.122502256758253e-16
land.mach=0.8,eps_master,0.4139068365570586,0.4139068365570585,-1.1102230246251565e-16
land.mach=0.2,junction,1.7584299077021135,1.7584299077021135,0.0
land.mach=0.2,depth,1.6001047340728933,1.6001047340728936,2.220446049250313e-16
land.mach=0.2,ceiling,2.3728549481200933,2.372854948120093,-4.440892098500626e-16
land.mach=0.2,laborshort,0.7375989431307791,0.7375989431307791,0.0
land.mach=0.2,saturation,0.7375989431307791,0.7375989431307791,0.0
land.mach=0.2,trained,1.0560526742493137,1.0560526742493137,0.0
land.mach=0.2,master,0.6505875661411494,0.6505875661411494,0.0
land.mach=0.2,eps_trained,0.08849466746738988,0.08849466746738961,-2.636779683484747e-16
land.mach=0.2,eps_master,0.51043205858126,0.5104320585812601,1.1102230246251565e-16
tail.services=0.11,junction,1.1036705777629867,1.1036705777629867,0.0
tail.services=0.11,depth,1.0341707244293588,1.0341707244293588,0.0
tail.services=0.11,ceiling,2.385567473921397,2.3855674739213972,4.440892098500626e-16
tail.services=0.11,laborshort,0.7899970065498629,0.7899970065498629,0.0
tail.services=0.11,saturation,0.7899970065498629,0.7899970065498629,0.0
tail.services=0.11,trained,1.1786549963416462,1.1786549963416462,0.0
tail.services=0.11,master,0.7731898882334818,0.7731898882334819,1.1102230246251565e-16
tail.services=0.11,eps_trained,-0.013044756385479812,-0.013044756385479746,6.591949208711867e-17
tail.services=0.11,eps_master,0.383469577351829,0.383469577351829,0.0
tail.services=0.09,junction,0.8973342301658408,0.8973342301658407,-1.1102230246251565e-16
tail.services=0.09,depth,0.8467410968465958,0.8467410968465957,-1.1102230246251565e-16
tail.services=0.09,ceiling,2.7099234735078332,2.7099234735078332,0.0
tail.services=0.09,laborshort,0.9357088177312567,0.9357088177312568,1.1102230246251565e-16
tail.services=0.09,saturation,0.9357088177312567,0.9357088177312568,1.1102230246251565e-16
tail.services=0.09,trained,1.1786549963416462,1.1786549963416462,0.0
tail.services=0.09,master,0.7731898882334818,0.7731898882334819,1.1102230246251565e-16
tail.services=0.09,eps_trained,0.16559943201956273,0.16559943201956268,-5.551115123125783e-17
tail.services=0.09,eps_master,0.5621137657568716,0.5621137657568716,0.0
tail.services=0.2,junction,1.96096309969873,1.9609630996987297,-2.220446049250313e-16
tail.services=0.2,depth,1.763689370429446,1.7636893704294458,-2.220446049250313e-16
tail.services=0.2,ceiling,1.2808419078905457,1.280841907890546,2.220446049250313e-16
tail.services=0.2,laborshort,0.31365755885504154,0.3136575588550416,5.551115123125783e-17
tail.services=0.2,saturation,0.31365755885504154,0.3136575588550416,5.551115123125783e-17
tail.services=0.2,trained,1.1786549963416462,1.1786549963416462,0.0
tail.services=0.2,master,0.7731898882334818,0.7731898882334819,1.1102230246251565e-16
tail.services=0.2,eps_trained,-0.6414308747215095,-0.6414308747215097,-2.220446049250313e-16
tail.services=0.2,eps_master,-0.24491654098420074,-0.24491654098420074,0.0
tail.services=0.05,junction,0.41688215246757027,0.4168821524675705,2.220446049250313e-16
tail.services=0.05,depth,0.3985784175107538,0.3985784175107539,1.1102230246251565e-16
tail.services=0.05,ceiling,3.5278032001270225,3.5278032001270225,0.0
tail.services=0.05,laborshort,1.3121863889661687,1.3121863889661687,0.0
tail.services=0.05,saturation,1.3121863889661687,1.3121863889661687,0.0
tail.services=0.05,trained,1.1786549963416462,1.1786549963416462,0.0
tail.services=0.05,master,0.7731898882334818,0.7731898882334819,1.1102230246251565e-16
tail.services=0.05,eps_trained,0.60700158740384,0.6070015874038398,-2.220446049250313e-16
tail.services=0.05,eps_master,1.0035159211411488,1.0035159211411484,-4.440892098500626e-16
res.services.trained=0.044,junction,1.0125034280195755,1.0125034280195753,-2.220446049250313e-16
res.services.trained=0.044,depth,0.9517953461478205,0.9517953461478202,-2.220446049250313e-16
res.services.trained=0.044,ceiling,2.533128266354909,2.5331282663549093,4.440892098500626e-16
res.services.trained=0.044,laborshort,0.8602012652231115,0.8602012652231116,1.1102230246251565e-16
res.services.trained=0.044,saturation,0.8602012652231115,0.8602012652231116,1.1102230246251565e-16
res.services.trained=0.044,trained,1.0833448165373214,1.0833448165373214,0.0
res.services.trained=0.044,master,0.7731898882334818,0.7731898882334819,1.1102230246251565e-16
res.services.trained=0.044,eps_trained,0.20303492606334322,0.2030349260633433,8.326672684688674e-17
res.services.trained=0.044,eps_master,0.4701791215170087,0.4701791215170088,1.1102230246251565e-16
res.services.trained=0.036,junction,0.9936864530492783,0.993686453049278,-2.220446049250313e-16
res.services.trained=0.036,depth,0.9347043932400049,0.9347043932400046,-2.220446049250313e-16
res.services.trained=0.036,ceiling,2.5504638555456274,2.550463855545628,4.440892098500626e-16
res.services.trained=0.036,laborshort,0.8602012652231115,0.8602012652231116,1.1102230246251565e-16
res.services.trained=0.036,saturation,0.8602012652231115,0.8602012652231116,1.1102230246251565e-16
res.services.trained=0.036,trained,1.2840155119994725,1.2840155119994725,0.0
res.services.trained=0.036,master,0.7731898882334818,0.7731898882334819,1.1102230246251565e-16
res.services.trained=0.036,eps_trained,-0.06544600048508428,-0.06544600048508424,4.163336342344337e-17
res.services.trained=0.036,eps_master,0.4701791215170087,0.4701791215170088,1.1102230246251565e-16
res.services.trained=0.08,junction,1.2112693893447197,1.2112693893447195,-2.220446049250313e-16
res.services.trained=0.08,depth,1.1304222503722958,1.1304222503722956,-2.220446049250313e-16
res.services.trained=0.08,ceiling,2.351673618591454,2.351673618591454,0.0
res.services.trained=0.08,laborshort,0.8602012652231115,0.8602012652231116,1.1102230246251565e-16
res.services.trained=0.08,saturation,0.8602012652231115,0.8602012652231116,1.1102230246251565e-16
res.services.trained=0.08,trained,0.4855078157817008,0.48550781578170094,1.1102230246251565e-16
res.services.trained=0.08,master,0.7731898882334818,0.7731898882334819,1.1102230246251565e-16
res.services.trained=0.08,eps_trained,1.1211129466196437,1.1211129466196437,0.0
res.services.trained=0.08,eps_master,0.4701791215170087,0.4701791215170085,-1.6653345369377348e-16
res.services.trained=0.02,junction,0.9712248455699749,0.9712248455699748,-1.1102230246251565e-16
res.services.trained=0.02,depth,0.914264828929241,0.9142648289292411,1.1102230246251565e-16
res.services.trained=0.02,ceiling,2.571190473719799,2.571190473719799,0.0
res.services.trained=0.02,laborshort,0.8602012652231115,0.8602012652231116,1.1102230246251565e-16
res.services.trained=0.02,saturation,0.8602012652231115,0.8602012652231116,1.1102230246251565e-16
res.services.trained=0.02,trained,1.8718021769015913,1.8718021769015916,2.220446049250313e-16
res.services.trained=0.02,master,0.7731898882334818,0.7731898882334819,1.1102230246251565e-16
res.services.trained=0.02,eps_trained,-0.7851164749964332,-0.7851164749964333,-1.1102230246251565e-16
res.services.trained=0.02,eps_master,0.4701791215170087,0.4701791215170087,0.0
