k,factor,in_tol_at_end_mirror,in_tol_at_end_engine,ttol_mirror,ttol_engine,peak_mirror,peak_engine,dead_mirror,dead_engine,baskets_mirror,baskets_engine,depth_min_mirror,depth_min_engine,end_Dh_mirror,end_Dh_engine
0,1.0,True,True,0,0,3.33066907387547e-13,3.33066907387547e-13,0,0,0.9999999999999996,0.9999999999999994,0.942574842758311,0.942574842758311,3.33066907387547e-13,3.33066907387547e-13
1,1.1,True,True,470,470,297.06230215359494,297.06230215359494,0,0,0.8145043587018851,0.814504358701885,0.7784022180326964,0.7784022180326956,1.1457219610919965e-06,1.1457215170027873e-06
2,0.9,True,True,413,413,182.42467704535747,182.42467704535693,0,0,0.8730284409339334,0.8730284409339334,0.8460313489864153,0.8460313489864149,9.618870140207957e-07,9.618863478869815e-07
3,2.0,True,True,578,578,2483.5252521681255,2483.525252168126,109,109,0.12239325089787471,0.12239325089787473,0.12053379049945573,0.12053379049945573,1.7627899138839595e-07,1.7627832525458128e-07
4,0.5,True,True,657,657,inf,inf,11,11,0.0,0.0,0.21636355021588405,0.21636355021588352,8.693152686210955e-05,8.693152686210955e-05
5,1.0,True,True,686,686,2243.5662578302126,2243.5662578302104,96,96,0.18332393311247006,0.18332393311247014,0.7646696288541962,0.7646696288541964,1.810223177181179e-05,1.8102232659990192e-05
6,1.1,True,True,470,470,297.0622946279231,297.06229462792095,0,0,0.8145043711065093,0.8145043711065095,0.7784022306815195,0.778402230681519,1.1457215170027873e-06,1.1457210729135779e-06
7,0.9,True,True,413,413,182.42467704535727,182.42467704535616,0,0,0.8730284409339333,0.8730284409339326,0.8460313489864151,0.8460313489864155,9.618865699315863e-07,9.618872360654004e-07
8,2.0,True,True,578,578,2483.525252168126,2483.525252168124,109,109,0.12239325089787474,0.12239325089787478,0.12053379049945513,0.12053379049945474,1.7627832525458128e-07,1.7627788116537154e-07
9,0.5,True,True,657,657,inf,inf,11,11,0.0,0.0,0.21636355021588388,0.21636355021588372,8.693152619597579e-05,8.693152597393121e-05
10,1.0,True,True,686,686,2243.566257830214,2243.5662578302126,96,96,0.18332393311246994,0.18332393311247003,0.7646696288541953,0.7646696288541964,1.8102235768614603e-05,1.810223243794559e-05
11,1.1,True,True,470,470,297.06229462791714,297.06229462792174,0,0,0.8145043711065135,0.8145043711065091,0.7784022306815219,0.7784022306815187,1.1457208508689734e-06,1.1457219610919965e-06
12,0.9,True,True,413,413,182.42467704535636,182.42467704535707,0,0,0.8730284409339332,0.8730284409339336,0.8460313489864153,0.8460313489864153,9.618870140207957e-07,9.61886791976191e-07
13,2.0,True,True,578,578,2483.525252168125,2483.525252168123,109,109,0.12239325089787481,0.12239325089787485,0.12053379049945513,0.12053379049945513,1.7627743707616177e-07,1.762781032099764e-07
14,0.5,True,True,657,657,inf,inf,11,11,0.0,0.0,0.21636355021588372,0.21636355021588352,8.693152619597579e-05,8.693152552984204e-05
15,1.0,True,True,686,686,2243.5662578302076,2243.566257830216,96,96,0.1833239331124707,0.1833239331124696,0.7646696288541955,0.7646696288541968,1.8102235102480802e-05,1.8102233548168595e-05
16,1.1,True,True,470,470,297.0622946279199,297.0622946279213,0,0,0.8145043711065114,0.8145043711065095,0.7784022306815211,0.7784022306815203,1.1457215170027873e-06,1.1457212949581826e-06
17,0.9,True,True,413,413,182.42467704535747,182.42467704535653,0,0,0.8730284409339328,0.8730284409339328,0.8460313489864149,0.8460313489864153,9.618870140207957e-07,9.618870140207957e-07
18,2.0,True,True,578,578,2483.5252521681236,2483.5252521681246,109,109,0.12239325089787485,0.12239325089787474,0.12053379049945573,0.12053379049945455,1.7627788116537154e-07,1.7627743707616177e-07
19,0.5,True,True,657,657,inf,inf,11,11,0.0,0.0,0.21636355021588352,0.2163635502158828,8.693152664006496e-05,8.693152664006496e-05
20,1.0,True,True,686,686,2243.566257830209,2243.5662578302117,96,96,0.1833239331124705,0.18332393311246994,0.764669628854196,0.7646696288541964,1.8102233104079395e-05,1.810223221590099e-05
21,1.1,True,True,470,470,297.0622946279219,297.0622946279216,0,0,0.8145043711065095,0.8145043711065091,0.7784022306815189,0.7784022306815187,1.1457210729135779e-06,1.1457212949581826e-06
22,0.9,True,True,413,413,182.42467704535707,182.42467704535693,0,0,0.8730284409339332,0.873028440933933,0.8460313489864147,0.8460313489864149,9.61886791976191e-07,9.618870140207957e-07
23,2.0,True,True,578,578,2483.525252168127,2483.5252521681223,109,109,0.12239325089787467,0.12239325089787503,0.12053379049945573,0.12053379049945553,1.7627765912076664e-07,1.7627943547760572e-07
24,0.5,True,True,657,657,inf,inf,11,11,0.0,0.0,0.21636355021588316,0.2163635502158844,8.693152486370828e-05,8.693152686210955e-05
25,1.0,True,True,686,686,2243.5662578302135,2243.56625783021,96,96,0.18332393311246992,0.1833239331124704,0.764669628854195,0.764669628854196,1.8102233326123993e-05,1.8102233548168595e-05
26,1.1,True,True,470,470,297.0622946279206,297.06229462792027,0,0,0.81450437110651,0.8145043711065105,0.7784022306815195,0.7784022306815201,1.1457215170027873e-06,1.1457210729135779e-06
27,0.9,True,True,413,413,182.42467704535747,182.42467704535673,0,0,0.8730284409339334,0.8730284409339326,0.8460313489864147,0.8460313489864146,9.618870140207957e-07,9.618870140207957e-07
28,2.0,True,True,578,578,2483.525252168125,2483.5252521681223,109,109,0.12239325089787471,0.12239325089787499,0.12053379049945513,0.12053379049945474,1.7627854729918618e-07,1.7628010161142037e-07
29,0.5,True,True,657,657,inf,inf,11,11,0.0,0.0,0.21636355021588388,0.21636355021588477,8.693152597393121e-05,8.693152664006496e-05
30,1.0,True,True,686,686,2243.5662578302135,2243.566257830212,96,96,0.18332393311246975,0.18332393311247025,0.764669628854195,0.7646696288541974,1.8102233548168595e-05,1.81022353245254e-05
31,1.1,True,True,470,470,297.0622946279196,297.06229462791924,0,0,0.8145043711065104,0.8145043711065119,0.7784022306815197,0.7784022306815217,1.1457210729135779e-06,1.1457212949581826e-06
32,0.9,True,True,413,413,182.42467704535727,182.42467704535747,0,0,0.8730284409339332,0.8730284409339336,0.8460313489864145,0.8460313489864142,9.618870140207957e-07,9.618872360654004e-07
33,2.0,True,True,578,578,2483.5252521681246,2483.5252521681246,109,109,0.12239325089787478,0.12239325089787505,0.12053379049945494,0.12053379049945612,1.7627788116537154e-07,1.762781032099764e-07
34,0.5,True,True,657,657,inf,inf,11,11,0.0,0.0,0.21636355021588335,0.21636355021588372,8.693152597393121e-05,8.693152552984204e-05
35,1.0,True,True,686,686,2243.5662578302113,2243.566257830209,96,96,0.18332393311247014,0.18332393311247033,0.7646696288541962,0.7646696288541958,1.8102233770213196e-05,1.8102233326123993e-05
36,1.1,True,True,470,470,297.0622946279186,297.0622946279211,0,0,0.8145043711065107,0.8145043711065099,0.7784022306815203,0.7784022306815195,1.1457212949581826e-06,1.1457215170027873e-06
37,0.9,True,True,413,413,182.42467704535693,182.42467704535707,0,0,0.8730284409339328,0.8730284409339331,0.8460313489864151,0.8460313489864149,9.618879021992145e-07,9.61887458110005e-07
38,2.0,True,True,578,578,2483.5252521681236,2483.525252168124,109,109,0.12239325089787495,0.12239325089787492,0.12053379049945474,0.12053379049945513,1.7627788116537154e-07,1.7627721503155687e-07
39,0.5,True,True,657,657,inf,inf,11,11,0.0,0.0,0.21636355021588372,0.2163635502158828,8.693152508575287e-05,8.693152641802038e-05
40,1.0,True,True,686,686,2243.566257830215,2243.5662578302135,96,96,0.1833239331124699,0.18332393311246986,0.7646696288541968,0.7646696288541964,1.810223554657e-05,1.8102236212703806e-05
41,1.1,True,True,470,470,297.06229462791515,297.0622946279187,0,0,0.8145043711065147,0.8145043711065127,0.7784022306815221,0.7784022306815219,1.1457215170027873e-06,1.1457208508689734e-06
42,0.9,True,True,413,413,182.42467704535747,182.42467704535653,0,0,0.873028440933933,0.8730284409339328,0.8460313489864147,0.8460313489864145,9.61886791976191e-07,9.618872360654004e-07
43,2.0,True,True,578,578,2483.5252521681236,2483.525252168126,109,109,0.12239325089787488,0.12239325089787471,0.12053379049945474,0.12053379049945671,1.762781032099764e-07,1.7627765912076664e-07
44,0.5,True,True,657,657,inf,inf,11,11,0.0,0.0,0.21636355021588352,0.21636355021588316,8.693152508575287e-05,8.693152641802038e-05
45,1.0,True,True,686,686,2243.566257830215,2243.566257830213,96,96,0.18332393311246972,0.18332393311247003,0.7646696288541958,0.764669628854196,1.8102233992257798e-05,1.8102232882034793e-05
46,1.1,True,True,470,470,297.0622946279199,297.0622946279241,0,0,0.8145043711065101,0.8145043711065083,0.7784022306815195,0.7784022306815199,1.1457212949581826e-06,1.145721739047392e-06
47,0.9,True,True,413,413,182.42467704535727,182.42467704535727,0,0,0.8730284409339334,0.8730284409339323,0.8460313489864147,0.8460313489864149,9.618870140207957e-07,9.618876801546098e-07
48,2.0,True,True,578,578,2483.5252521681236,2483.52525216812,109,109,0.12239325089787492,0.12239325089787512,0.12053379049945592,0.12053379049945513,1.7627788116537154e-07,1.7627876934379105e-07
49,0.5,True,True,657,657,inf,inf,11,11,0.0,0.0,0.21636355021588388,0.21636355021588405,8.693152508575287e-05,8.693152686210955e-05
50,1.0,True,True,686,686,2243.566257830213,2243.5662578302135,96,96,0.18332393311246978,0.18332393311247014,0.7646696288541951,0.7646696288541968,1.8102232882034793e-05,1.8102234214302396e-05
51,1.1,True,True,470,470,297.0622946279208,297.06229462791924,0,0,0.8145043711065101,0.8145043711065114,0.7784022306815195,0.7784022306815205,1.145721739047392e-06,1.1457215170027873e-06
52,0.9,True,True,413,413,182.42467704535707,182.42467704535747,0,0,0.8730284409339335,0.873028440933933,0.8460313489864153,0.8460313489864143,9.618865699315863e-07,9.618870140207957e-07
53,2.0,True,True,578,578,2483.525252168125,2483.5252521681223,109,109,0.12239325089787466,0.12239325089787499,0.12053379049945494,0.12053379049945513,1.7627854729918618e-07,1.76276992986952e-07
54,0.5,True,True,657,657,inf,inf,11,11,0.0,0.0,0.21636355021588388,0.21636355021588316,8.693152597393121e-05,8.693152575188662e-05
55,1.0,True,True,686,686,2243.5662578302095,2243.5662578302126,96,96,0.18332393311247044,0.18332393311247008,0.7646696288541964,0.764669628854197,1.81022348804362e-05,1.810223243794559e-05
56,1.1,True,True,470,470,297.06229462791833,297.0622946279213,0,0,0.8145043711065122,0.81450437110651,0.7784022306815211,0.7784022306815199,1.1457210729135779e-06,1.1457215170027873e-06
57,0.9,True,True,413,413,182.42467704535673,182.42467704535707,0,0,0.8730284409339326,0.8730284409339338,0.8460313489864151,0.8460313489864149,9.618872360654004e-07,9.618870140207957e-07
58,2.0,True,True,578,578,2483.525252168125,2483.525252168124,109,109,0.12239325089787478,0.12239325089787491,0.12053379049945513,0.12053379049945434,1.762781032099764e-07,1.7627832525458128e-07
59,0.5,True,True,657,657,inf,inf,11,11,0.0,0.0,0.21636355021588372,0.21636355021588335,8.693152552984204e-05,8.693152597393121e-05
60,1.0,True,True,686,686,2243.5662578302154,2243.566257830212,96,96,0.1833239331124696,0.18332393311247022,0.7646696288541965,0.764669628854197,1.8102233770213196e-05,1.810223221590099e-05
61,1.1,True,True,470,470,297.06229462792095,297.06229462792345,0,0,0.8145043711065106,0.814504371106508,0.7784022306815201,0.7784022306815197,1.1457212949581826e-06,1.1457219610919965e-06
62,0.9,True,True,413,413,182.42467704535673,182.42467704535747,0,0,0.873028440933933,0.8730284409339336,0.8460313489864153,0.8460313489864149,9.618872360654004e-07,9.618870140207957e-07
63,2.0,True,True,578,578,2483.5252521681236,2483.525252168125,109,109,0.12239325089787485,0.12239325089787476,0.12053379049945612,0.12053379049945553,1.762796575222106e-07,1.762767709423471e-07
64,0.5,True,True,657,657,inf,inf,11,11,0.0,0.0,0.21636355021588477,0.216363550215883,8.693152619597579e-05,8.693152619597579e-05
65,1.0,True,True,686,686,2243.5662578302113,2243.5662578302135,96,96,0.18332393311247047,0.18332393311246994,0.7646696288541958,0.7646696288541962,1.8102235768614603e-05,1.8102233992257798e-05
66,1.1,True,True,470,470,297.0622946279162,297.0622946279216,0,0,0.8145043711065136,0.8145043711065104,0.7784022306815221,0.7784022306815199,1.1457219610919965e-06,1.1457219610919965e-06
67,0.9,True,True,413,413,182.42467704535764,182.42467704535747,0,0,0.8730284409339335,0.8730284409339333,0.8460313489864147,0.8460313489864146,9.61887458110005e-07,9.618870140207957e-07
68,2.0,True,True,578,578,2483.525252168125,2483.5252521681246,109,109,0.12239325089787473,0.12239325089787492,0.12053379049945553,0.12053379049945592,1.7627854729918618e-07,1.7627721503155687e-07
69,0.5,True,True,657,657,inf,inf,11,11,0.0,0.0,0.21636355021588372,0.21636355021588263,8.693152575188662e-05,8.693152686210955e-05
70,1.0,True,True,686,686,2243.566257830209,2243.5662578302095,96,96,0.18332393311247047,0.18332393311247056,0.7646696288541962,0.7646696288541964,1.8102234214302396e-05,1.8102234214302396e-05
71,1.1,True,True,470,470,297.0622946279201,297.0622946279226,0,0,0.8145043711065114,0.8145043711065092,0.7784022306815211,0.7784022306815197,1.1457215170027873e-06,1.1457219610919965e-06
72,0.9,True,True,413,413,182.42467704535707,182.42467704535653,0,0,0.873028440933933,0.8730284409339334,0.8460313489864151,0.8460313489864156,9.61886791976191e-07,9.618872360654004e-07
73,2.0,True,True,578,578,2483.525252168125,2483.5252521681227,109,109,0.12239325089787481,0.12239325089787495,0.12053379049945533,0.12053379049945356,1.762781032099764e-07,1.7627854729918618e-07
74,0.5,True,True,657,657,inf,inf,11,11,0.0,0.0,0.21636355021588405,0.21636355021588388,8.693152597393121e-05,8.693152552984204e-05
75,1.0,True,True,686,686,2243.566257830209,2243.5662578302145,96,96,0.1833239331124706,0.1833239331124699,0.7646696288541958,0.7646696288541962,1.81022348804362e-05,1.8102234436346997e-05
76,1.1,True,True,470,470,297.06229462791845,297.06229462792277,0,0,0.8145043711065117,0.8145043711065088,0.7784022306815203,0.7784022306815207,1.1457210729135779e-06,1.1457212949581826e-06
77,0.9,True,True,413,413,182.42467704535707,182.42467704535693,0,0,0.8730284409339334,0.8730284409339323,0.8460313489864149,0.8460313489864146,9.61886791976191e-07,9.618870140207957e-07
78,2.0,True,True,578,578,2483.5252521681227,2483.525252168124,109,109,0.12239325089787492,0.12239325089787488,0.12053379049945474,0.12053379049945494,1.7627876934379105e-07,1.7627832525458128e-07
79,0.5,True,True,657,657,inf,inf,11,11,0.0,0.0,0.21636355021588372,0.21636355021588372,8.693152730619872e-05,8.693152597393121e-05
80,1.0,True,True,686,686,2243.566257830212,2243.5662578302163,96,96,0.18332393311247025,0.18332393311246958,0.7646696288541968,0.7646696288541965,6.217248937900857e-12,7.771561172376065e-12
