county,name,dead_e,dead_m,idle_e,idle_m,zero_orders_e,zero_orders_m,withheld_e,withheld_m,shortfall_e,shortfall_m,dhat_median_e,dhat_median_m,dhat_median_rel,dhat_max_e,dhat_max_m,dhat_max_rel,heads_min_e,heads_min_m,heads_min_diff,dhat_p90_e,dhat_p90_m,dhat_1901_e,dhat_1901_m,lowest_cleared_e,lowest_cleared_m,lowest_market_e,lowest_market_m,heads_max_e,heads_max_m,heads_1901_e,heads_1901_m,desk_target_min_e,desk_target_min_m,horse_price_max_e,horse_price_max_m,markup_min_e,markup_min_m,quasi_rent_max_e,quasi_rent_max_m,prices_dhat_median_e,prices_dhat_median_m,heads_dhat_median_e,heads_dhat_median_m,E5
county.abd,Aberdeenshire,0,0,0,0,0,0,0,0,0,0,67.27,67.27,+0.0001,281.08,281.08,-0.0000,0.8678,0.8678,-0.00001,249.47,249.47,54.85,54.85,0.8215,0.8215,H,H,1.0062,1.0062,0.9559,0.9559,0.9281,0.9281,1.3246,1.3246,0.9894,0.9894,0.1088,0.1088,63.10,63.10,67.00,67.00,PASS
county.agy,Anglesey,0,0,0,0,0,0,0,0,0,0,120.40,120.40,-0.0000,283.69,283.69,-0.0000,0.8797,0.8797,+0.00002,221.45,221.45,63.59,63.59,0.8220,0.8220,H,H,1.0722,1.0722,1.0258,1.0258,0.9265,0.9265,1.3280,1.3280,0.9974,0.9974,0.1067,0.1067,102.10,102.10,109.12,109.12,PASS
county.ans,Angus,0,0,0,0,0,0,0,0,0,0,133.88,133.88,-0.0000,294.01,294.01,+0.0000,0.8748,0.8748,+0.00001,251.50,251.50,63.76,63.76,0.8108,0.8108,H,H,1.0044,1.0044,0.9475,0.9475,0.9230,0.9230,1.3418,1.3418,0.9933,0.9933,0.1140,0.1140,132.11,132.11,119.21,119.21,PASS
county.ant,Antrim,0,0,0,0,0,0,0,0,0,0,200.41,200.41,+0.0000,336.72,336.72,-0.0000,0.8189,0.8189,-0.00005,301.79,301.79,94.71,94.71,0.7506,0.7506,H,H,1.0130,1.0130,0.9446,0.9446,0.9189,0.9189,1.4003,1.4003,0.9894,0.9894,0.1260,0.1260,200.06,200.06,177.56,177.56,PASS
county.arl,Argyllshire,0,0,0,0,0,0,0,0,0,0,91.29,91.29,-0.0000,221.30,221.30,-0.0000,0.9279,0.9279,+0.00004,151.24,151.24,48.01,48.01,0.8932,0.8932,H,H,1.0372,1.0372,1.0214,1.0214,0.9457,0.9457,1.2477,1.2477,0.9937,0.9937,0.0781,0.0781,63.58,63.58,71.63,71.63,PASS
county.arm,Armagh,0,0,0,0,0,0,0,0,3619,3619,142.96,142.96,+0.0000,258.73,258.73,+0.0000,0.8497,0.8497,+0.00004,229.96,229.96,87.80,87.80,0.8020,0.8020,H,H,1.0438,1.0438,1.0409,1.0409,0.9477,0.9477,1.2953,1.2953,0.9969,0.9969,0.0762,0.0762,127.94,127.94,140.30,140.30,PASS
county.ayr,Ayrshire,0,0,0,0,0,0,0,0,0,0,209.52,209.52,+0.0000,371.48,371.48,-0.0000,0.8157,0.8157,+0.00005,316.68,316.68,100.15,100.15,0.7372,0.7372,H,H,1.0008,1.0008,0.9244,0.9244,0.9094,0.9094,1.4499,1.4499,0.9950,0.9950,0.1466,0.1466,209.52,209.52,159.34,159.34,PASS
county.ban,Banffshire,0,0,0,0,0,0,0,0,0,0,56.31,56.31,+0.0000,239.57,239.57,-0.0000,0.9112,0.9112,-0.00004,195.91,195.91,15.09,15.09,0.8543,0.8543,H,H,1.0176,1.0176,0.9952,0.9952,0.9337,0.9337,1.2707,1.2707,0.9875,0.9875,0.0916,0.0916,43.24,43.24,55.89,55.89,PASS
county.bdf,Bedfordshire,0,0,0,0,0,0,0,0,0,0,102.46,102.46,+0.0000,290.73,290.73,+0.0000,0.8629,0.8629,+0.00003,240.65,240.65,33.94,33.94,0.8004,0.8004,H,H,1.0123,1.0123,0.9745,0.9745,0.9238,0.9238,1.3374,1.3374,0.9867,0.9867,0.1113,0.1113,97.54,97.54,87.92,87.92,PASS
county.bew,Berwickshire,0,0,0,0,0,0,0,0,0,0,80.72,80.72,+0.0000,210.31,210.31,-0.0000,0.9301,0.9301,+0.00002,146.22,146.22,47.21,47.21,0.8875,0.8875,H,H,1.0315,1.0315,1.0209,1.0209,0.9444,0.9444,1.2341,1.2341,0.9977,0.9977,0.0778,0.0778,61.81,61.81,69.47,69.47,PASS
county.bkm,Buckinghamshire,0,0,0,0,0,0,0,0,0,0,100.16,100.16,+0.0000,245.43,245.43,+0.0000,0.8993,0.8993,-0.00005,195.15,195.15,20.33,20.33,0.8470,0.8470,H,H,1.0141,1.0141,0.9872,0.9872,0.9327,0.9327,1.2782,1.2782,0.9861,0.9861,0.0940,0.0940,99.58,99.58,89.61,89.61,PASS
county.bre,Brecknockshire,0,0,0,0,0,0,0,0,0,0,113.55,113.55,-0.0000,258.07,258.07,+0.0000,0.8730,0.8730,+0.00003,222.58,222.58,21.58,21.58,0.8302,0.8302,H,H,1.0285,1.0285,1.0025,1.0025,0.9323,0.9323,1.2944,1.2944,0.9969,0.9969,0.1000,0.1000,103.74,103.74,102.31,102.31,PASS
county.brk,Berkshire,0,0,0,0,0,0,0,0,0,0,88.08,88.08,+0.0000,243.35,243.35,-0.0000,0.8976,0.8976,+0.00003,203.16,203.16,41.96,41.96,0.8454,0.8454,H,H,1.0068,1.0068,0.9681,0.9681,0.9372,0.9372,1.2755,1.2755,0.9896,0.9896,0.0915,0.0915,85.26,85.26,77.55,77.55,PASS
county.but,Buteshire,0,0,0,0,0,0,0,0,0,0,103.85,103.85,+0.0000,262.08,262.08,-0.0000,0.8967,0.8967,+0.00005,184.65,184.65,20.27,20.27,0.8626,0.8626,H,H,1.0259,1.0259,1.0026,1.0026,0.9355,0.9355,1.2996,1.2996,0.9927,0.9927,0.0906,0.0906,83.50,83.50,93.35,93.35,PASS
county.cae,Caernarfonshire,0,0,0,0,0,0,0,0,2320,2320,171.86,171.86,-0.0000,326.00,326.00,+0.0000,0.8220,0.8220,-0.00003,293.99,293.99,80.55,80.55,0.7677,0.7677,H,H,1.0011,1.0011,0.9376,0.9376,0.9197,0.9197,1.3854,1.3854,0.9911,0.9911,0.1268,0.1268,171.86,171.86,131.03,131.03,PASS
county.cai,Caithness,0,0,0,0,0,0,0,0,0,0,81.29,81.29,+0.0000,269.52,269.52,-0.0000,0.8966,0.8966,+0.00002,205.84,205.84,51.79,51.79,0.8399,0.8399,H,H,1.0379,1.0379,1.0232,1.0232,0.9313,0.9313,1.3093,1.3093,0.9977,0.9977,0.1004,0.1004,50.21,50.21,79.46,79.46,PASS
county.cam,Cambridgeshire,0,0,0,0,0,0,0,0,0,0,107.28,107.28,-0.0000,402.56,402.56,+0.0000,0.7973,0.7973,+0.00000,341.42,341.42,24.48,24.48,0.7197,0.7197,H,H,1.0238,1.0238,1.0033,1.0033,0.9012,0.9012,1.4956,1.4956,0.9899,0.9899,0.1567,0.1567,87.47,87.47,88.37,88.37,PASS
county.cgn,Cardiganshire,0,0,0,0,0,0,0,0,0,0,112.43,112.43,-0.0000,242.79,242.79,-0.0000,0.8963,0.8963,-0.00004,176.37,176.37,62.36,62.36,0.8567,0.8567,H,H,1.0623,1.0623,1.0272,1.0272,0.9363,0.9363,1.2748,1.2748,0.9973,0.9973,0.0920,0.0920,90.39,90.39,104.83,104.83,PASS
county.chs,Cheshire,0,0,0,0,0,0,0,0,0,0,170.42,170.42,+0.0000,313.17,313.17,-0.0000,0.8447,0.8447,+0.00005,267.07,267.07,82.18,82.18,0.7764,0.7764,H,H,1.0148,1.0148,0.9338,0.9338,0.9193,0.9193,1.3678,1.3678,0.9815,0.9815,0.1213,0.1213,170.42,170.42,129.31,129.31,PASS
county.clk,Clackmannanshire,0,0,0,0,0,0,0,0,0,0,209.79,209.79,+0.0000,371.87,371.87,+0.0000,0.8187,0.8187,-0.00003,321.48,321.48,114.63,114.63,0.7365,0.7365,H,H,1.0000,1.0000,0.9146,0.9146,0.9106,0.9106,1.4504,1.4504,0.9988,0.9988,0.1447,0.1447,209.79,209.79,154.41,154.41,PASS
county.cmn,Carmarthenshire,0,0,0,0,0,0,0,0,0,0,149.70,149.70,+0.0000,290.48,290.48,+0.0000,0.8697,0.8697,+0.00003,240.88,240.88,55.21,55.21,0.8081,0.8081,H,H,1.0087,1.0087,0.9568,0.9568,0.9277,0.9277,1.3371,1.3371,0.9911,0.9911,0.1097,0.1097,149.70,149.70,105.52,105.52,PASS
county.con,Cornwall,0,0,0,0,0,0,0,0,0,0,184.36,184.36,-0.0000,326.05,326.05,-0.0000,0.8473,0.8473,-0.00001,268.80,268.80,82.59,82.59,0.7743,0.7743,H,H,1.1149,1.1149,1.0327,1.0327,0.9169,0.9169,1.3855,1.3855,0.9987,0.9987,0.1266,0.1266,154.10,154.10,152.45,152.45,PASS
county.cul,Cumberland,0,0,0,0,0,0,0,0,0,0,188.76,188.76,-0.0000,311.27,311.27,+0.0000,0.8584,0.8584,-0.00005,263.19,263.19,75.54,75.54,0.7933,0.7933,H,H,1.0174,1.0174,0.9390,0.9390,0.9217,0.9217,1.3652,1.3652,0.9859,0.9859,0.1199,0.1199,188.76,188.76,144.43,144.43,PASS
county.dby,Derbyshire,0,0,0,0,0,0,0,0,0,0,206.47,206.47,+0.0000,339.76,339.76,+0.0000,0.8362,0.8362,-0.00003,310.28,310.28,130.18,130.18,0.7567,0.7567,H,H,1.0103,1.0103,0.8952,0.8952,0.9119,0.9119,1.4046,1.4046,0.9858,0.9858,0.1356,0.1356,206.47,206.47,161.47,161.47,PASS
county.den,Denbighshire,0,0,0,0,0,0,0,0,0,0,175.15,175.15,-0.0000,308.65,308.65,-0.0000,0.8630,0.8630,-0.00000,260.23,260.23,75.11,75.11,0.7992,0.7992,H,H,1.0186,1.0186,0.9400,0.9400,0.9239,0.9239,1.3616,1.3616,0.9854,0.9854,0.1173,0.1173,175.15,175.15,126.32,126.32,PASS
county.dev,Devon,0,0,0,0,0,0,0,0,0,0,105.95,105.95,-0.0000,265.59,265.59,+0.0000,0.8871,0.8871,-0.00001,212.78,212.78,18.16,18.16,0.8298,0.8298,H,H,1.0308,1.0308,0.9904,0.9904,0.9304,0.9304,1.3042,1.3042,0.9950,0.9950,0.1013,0.1013,96.41,96.41,91.17,91.17,PASS
county.dfs,Dumfriesshire,0,0,0,0,0,0,0,0,0,0,94.71,94.71,-0.0000,253.91,253.91,+0.0000,0.9043,0.9043,+0.00001,195.35,195.35,26.12,26.12,0.8532,0.8532,H,H,1.0212,1.0212,1.0071,1.0071,0.9351,0.9351,1.2891,1.2891,0.9976,0.9976,0.0939,0.0939,88.08,88.08,81.29,81.29,PASS
county.dnb,Dunbartonshire,0,0,0,0,0,0,0,0,0,0,164.70,164.70,-0.0000,306.11,306.11,+0.0000,0.8574,0.8574,+0.00003,268.36,268.36,134.02,134.02,0.7864,0.7864,H,H,1.0008,1.0008,0.9018,0.9018,0.9218,0.9218,1.3581,1.3581,0.9977,0.9977,0.1208,0.1208,164.14,164.14,135.15,135.15,PASS
county.dor,Dorset,0,0,0,0,0,0,0,0,0,0,89.70,89.70,-0.0000,261.70,261.70,+0.0000,0.8940,0.8940,-0.00004,195.50,195.50,13.19,13.19,0.8427,0.8427,H,H,1.0182,1.0182,0.9973,0.9973,0.9346,0.9346,1.2991,1.2991,0.9856,0.9856,0.0958,0.0958,80.22,80.22,77.93,77.93,PASS
county.dow,Down,0,0,0,0,0,0,0,0,1115,1115,135.87,135.87,-0.0000,243.88,243.88,+0.0000,0.8590,0.8590,-0.00000,217.89,217.89,46.14,46.14,0.8141,0.8141,H,H,1.0277,1.0277,1.0205,1.0205,0.9461,0.9461,1.2762,1.2762,0.9973,0.9973,0.0797,0.0797,129.93,129.93,129.93,129.93,PASS
county.dur,Durham,0,0,0,0,0,0,0,0,0,0,330.76,330.76,-0.0000,512.34,512.34,-0.0000,0.7283,0.7283,+0.00002,477.70,477.70,321.67,321.67,0.6230,0.6230,H,H,1.0000,1.0000,0.7910,0.7910,0.8786,0.8786,1.6692,1.6692,1.0000,1.0000,0.2163,0.2163,330.24,330.24,291.94,291.94,PASS
county.eln,East Lothian,0,0,0,0,0,0,0,0,0,0,112.20,112.20,+0.0000,246.93,246.93,-0.0000,0.9045,0.9045,+0.00003,199.32,199.32,32.36,32.36,0.8510,0.8510,H,H,1.0107,1.0107,0.9758,0.9758,0.9392,0.9392,1.2801,1.2801,0.9858,0.9858,0.0896,0.0896,112.20,112.20,83.41,83.41,PASS
county.ery,East Riding of Yorkshire,0,0,0,0,0,0,0,0,0,0,142.49,142.49,-0.0000,329.25,329.25,+0.0000,0.8384,0.8384,+0.00004,292.40,292.40,96.55,96.55,0.7665,0.7665,H,H,1.0006,1.0006,0.9248,0.9248,0.9179,0.9179,1.3899,1.3899,0.9979,0.9979,0.1300,0.1300,141.90,141.90,112.69,112.69,PASS
county.ess,Essex,0,0,0,0,0,0,0,0,0,0,116.10,116.10,+0.0000,325.88,325.88,-0.0000,0.8264,0.8264,-0.00000,286.42,286.42,178.74,178.74,0.7514,0.7514,H,H,1.0007,1.0007,0.8756,0.8756,0.9200,0.9200,1.3852,1.3852,0.9975,0.9975,0.1257,0.1257,115.84,115.84,109.67,109.67,PASS
county.fer,Fermanagh,0,0,0,0,0,0,0,0,0,0,152.97,152.97,-0.0000,245.16,245.16,+0.0000,0.8601,0.8601,+0.00004,219.17,219.17,101.99,101.99,0.8152,0.8152,H,H,1.0550,1.0550,1.0472,1.0472,0.9500,0.9500,1.2778,1.2778,0.9978,0.9978,0.0744,0.0744,138.18,138.18,148.33,148.33,PASS
county.fif,Fife,0,0,0,0,0,0,0,0,0,0,197.91,197.91,+0.0000,332.02,332.02,+0.0000,0.8439,0.8439,-0.00003,289.14,289.14,122.05,122.05,0.7700,0.7700,H,H,1.0000,1.0000,0.9112,0.9112,0.9175,0.9175,1.3938,1.3938,0.9992,0.9992,0.1292,0.1292,197.91,197.91,147.88,147.88,PASS
county.fln,Flintshire,0,0,0,0,0,0,0,0,0,0,176.78,176.78,+0.0000,337.85,337.85,-0.0000,0.8394,0.8394,-0.00003,280.64,280.64,60.43,60.43,0.7720,0.7720,H,H,1.0341,1.0341,0.9526,0.9526,0.9168,0.9168,1.4019,1.4019,0.9915,0.9915,0.1284,0.1284,176.78,176.78,137.38,137.38,PASS
county.gla,Glamorgan,0,0,0,0,0,0,0,0,0,0,361.90,361.90,+0.0000,543.52,543.52,-0.0000,0.7171,0.7171,+0.00002,519.12,519.12,362.43,362.43,0.6064,0.6064,H,H,1.0000,1.0000,0.7745,0.7745,0.8722,0.8722,1.7221,1.7221,0.9995,0.9995,0.2332,0.2332,361.80,361.80,340.41,340.41,PASS
county.gls,Gloucestershire,0,0,0,0,0,0,0,0,0,0,175.00,175.00,+0.0000,317.84,317.84,-0.0000,0.8522,0.8522,+0.00000,268.80,268.80,98.69,98.69,0.7845,0.7845,H,H,1.0008,1.0008,0.9252,0.9252,0.9213,0.9213,1.3742,1.3742,0.9983,0.9983,0.1195,0.1195,175.00,175.00,126.44,126.44,PASS
county.ham,Hampshire,0,0,0,0,0,0,0,0,0,0,153.56,153.56,+0.0000,307.44,307.44,-0.0000,0.8581,0.8581,+0.00002,268.10,268.10,108.95,108.95,0.7908,0.7908,H,H,1.0007,1.0007,0.9180,0.9180,0.9232,0.9232,1.3599,1.3599,0.9978,0.9978,0.1171,0.1171,153.48,153.48,140.73,140.73,PASS
county.hef,Herefordshire,0,0,0,0,0,0,0,0,0,0,62.81,62.81,+0.0000,216.45,216.45,-0.0000,0.9238,0.9238,-0.00004,157.54,157.54,30.43,30.43,0.8798,0.8798,H,H,1.0185,1.0185,1.0125,1.0125,0.9433,0.9433,1.2417,1.2417,0.9973,0.9973,0.0802,0.0802,56.66,56.66,53.04,53.04,PASS
county.hrt,Hertfordshire,0,0,0,0,0,0,0,0,0,0,94.19,94.19,-0.0000,265.91,265.91,+0.0000,0.8827,0.8827,+0.00001,225.40,225.40,50.85,50.85,0.8230,0.8230,H,H,1.0028,1.0028,0.9604,0.9604,0.9323,0.9323,1.3046,1.3046,0.9912,0.9912,0.1020,0.1020,93.33,93.33,73.88,73.88,PASS
county.hun,Huntingdonshire,0,0,0,0,0,0,0,0,0,0,101.15,101.15,-0.0000,325.36,325.36,+0.0000,0.8483,0.8483,+0.00004,264.50,264.50,47.67,47.67,0.7833,0.7833,H,H,1.0318,1.0318,1.0204,1.0204,0.9172,0.9172,1.3845,1.3845,0.9975,0.9975,0.1244,0.1244,81.31,81.31,87.19,87.19,PASS
county.inv,Inverness-shire,0,0,0,0,0,0,0,0,0,0,90.17,90.17,+0.0000,256.02,256.02,-0.0000,0.9158,0.9158,+0.00003,176.55,176.55,44.94,44.94,0.8747,0.8747,H,H,1.0369,1.0369,1.0197,1.0197,0.9401,0.9401,1.2918,1.2918,0.9966,0.9966,0.0876,0.0876,75.37,75.37,76.23,76.23,PASS
county.kcd,Kincardineshire,0,0,0,0,0,0,0,0,0,0,60.64,60.64,+0.0001,225.98,225.98,+0.0000,0.9209,0.9209,+0.00003,174.14,174.14,13.15,13.15,0.8710,0.8710,H,H,1.0170,1.0170,0.9941,0.9941,0.9402,0.9402,1.2536,1.2536,0.9907,0.9907,0.0841,0.0841,57.04,57.04,51.48,51.48,PASS
county.ken,Kent,0,0,0,0,0,0,0,0,0,0,160.30,160.30,+0.0000,321.99,321.99,-0.0000,0.8435,0.8435,-0.00003,287.92,287.92,131.18,131.18,0.7713,0.7713,H,H,1.0007,1.0007,0.9027,0.9027,0.9189,0.9189,1.3799,1.3799,0.9977,0.9977,0.1266,0.1266,159.08,159.08,141.10,141.10,PASS
county.kkd,Kirkcudbrightshire,0,0,0,0,0,0,0,0,0,0,86.52,86.52,-0.0000,245.45,245.45,+0.0000,0.9098,0.9098,-0.00001,194.51,194.51,45.20,45.20,0.8538,0.8538,H,H,1.0340,1.0340,1.0212,1.0212,0.9337,0.9337,1.2782,1.2782,0.9978,0.9978,0.0945,0.0945,73.43,73.43,73.29,73.29,PASS
county.krs,Kinross-shire,0,0,0,0,0,0,0,0,0,0,109.09,109.09,-0.0000,242.47,242.47,+0.0000,0.8944,0.8944,-0.00004,175.22,175.22,62.27,62.27,0.8611,0.8611,H,H,1.0377,1.0377,1.0282,1.0282,0.9381,0.9381,1.2744,1.2744,0.9970,0.9970,0.0868,0.0868,77.12,77.12,97.90,97.90,PASS
county.lan,Lancashire,0,0,0,0,0,0,0,0,0,0,376.91,376.91,-0.0000,531.48,531.48,-0.0000,0.7434,0.7434,+0.00002,492.72,492.72,268.58,268.58,0.6406,0.6406,H,H,1.0008,1.0008,0.8386,0.8386,0.8788,0.8788,1.7014,1.7014,0.9991,0.9991,0.2139,0.2139,376.91,376.91,311.36,311.36,PASS
county.ldy,Londonderry,0,0,0,0,0,0,0,0,0,0,153.97,153.97,-0.0000,275.19,275.19,-0.0000,0.8462,0.8462,+0.00005,247.32,247.32,74.23,74.23,0.7966,0.7966,H,H,1.0392,1.0392,1.0352,1.0352,0.9456,0.9456,1.3168,1.3168,0.9985,0.9985,0.0817,0.0817,150.37,150.37,148.62,148.62,PASS
county.lei,Leicestershire,0,0,0,0,0,0,0,0,0,0,176.93,176.93,+0.0000,299.36,299.36,-0.0000,0.8571,0.8571,-0.00000,267.79,267.79,102.77,102.77,0.7916,0.7916,H,H,1.0008,1.0008,0.9203,0.9203,0.9235,0.9235,1.3490,1.3490,0.9975,0.9975,0.1167,0.1167,176.83,176.83,147.39,147.39,PASS
county.lin,Lincolnshire,0,0,0,0,0,0,0,0,0,0,116.72,116.72,+0.0000,368.22,368.22,-0.0000,0.8186,0.8186,-0.00001,308.28,308.28,21.12,21.12,0.7462,0.7462,H,H,1.0174,1.0174,0.9865,0.9865,0.9089,0.9089,1.4452,1.4452,0.9854,0.9854,0.1422,0.1422,104.42,104.42,100.88,100.88,PASS
county.lks,Lanarkshire,0,0,0,0,0,0,0,0,0,0,382.67,382.67,-0.0000,542.09,542.09,-0.0000,0.7251,0.7251,-0.00001,487.17,487.17,301.51,301.51,0.6140,0.6140,H,H,1.0000,1.0000,0.8194,0.8194,0.8706,0.8706,1.7196,1.7196,0.9994,0.9994,0.2299,0.2299,382.67,382.67,301.71,301.71,PASS
county.mdx,Middlesex,0,0,0,0,0,0,0,0,0,0,179.21,179.21,-0.0000,434.17,434.17,-0.0000,0.7641,0.7641,+0.00003,409.15,409.15,181.45,181.45,0.6818,0.6818,H,H,1.0000,1.0000,0.8698,0.8698,0.8914,0.8914,1.5437,1.5437,0.9987,0.9987,0.1830,0.1830,176.04,176.04,169.69,169.69,PASS
county.mer,Merionethshire,0,0,0,0,0,0,0,0,0,0,108.32,108.32,-0.0000,246.77,246.77,+0.0000,0.8779,0.8779,+0.00001,212.08,212.08,45.48,45.48,0.8368,0.8368,H,H,1.0115,1.0115,0.9646,0.9646,0.9371,0.9371,1.2799,1.2799,0.9872,0.9872,0.0914,0.0914,107.03,107.03,98.36,98.36,PASS
county.mgy,Montgomeryshire,0,0,0,0,0,0,0,0,0,0,83.59,83.59,-0.0000,179.45,179.45,+0.0000,0.9177,0.9177,-0.00002,131.84,131.84,58.20,58.20,0.8953,0.8953,H,H,1.0407,1.0407,1.0277,1.0277,0.9529,0.9529,1.1966,1.1966,0.9974,0.9974,0.0652,0.0652,55.80,55.80,68.90,68.90,PASS
county.mln,Midlothian,0,0,0,0,0,0,0,0,0,0,261.35,261.35,+0.0000,401.06,401.06,-0.0000,0.8016,0.8016,-0.00001,360.55,360.55,180.65,180.65,0.7134,0.7134,H,H,1.0010,1.0010,0.8762,0.8762,0.9035,0.9035,1.4934,1.4934,0.9988,0.9988,0.1612,0.1612,261.35,261.35,200.65,200.65,PASS
county.mon,Monmouthshire,0,0,0,0,0,0,0,0,0,0,260.88,260.88,+0.0000,446.64,446.64,+0.0000,0.7671,0.7671,-0.00004,414.68,414.68,166.77,166.77,0.6744,0.6744,H,H,1.0000,1.0000,0.8772,0.8772,0.8944,0.8944,1.5631,1.5631,1.0000,1.0000,0.1813,0.1813,260.88,260.88,173.19,173.19,PASS
county.mor,Morayshire,0,0,0,0,0,0,0,0,0,0,49.73,49.73,+0.0001,230.95,230.95,+0.0000,0.9155,0.9155,+0.00003,190.38,190.38,13.86,13.86,0.8637,0.8637,H,H,1.0178,1.0178,0.9934,0.9934,0.9332,0.9332,1.2598,1.2598,0.9883,0.9883,0.0929,0.0929,18.56,18.56,49.07,49.07,PASS
county.nai,Nairnshire,0,0,0,0,0,0,0,0,0,0,96.97,96.97,-0.0000,233.95,233.95,-0.0000,0.9116,0.9116,+0.00002,166.35,166.35,45.63,45.63,0.8741,0.8741,H,H,1.0337,1.0337,1.0213,1.0213,0.9419,0.9419,1.2636,1.2636,0.9977,0.9977,0.0832,0.0832,74.67,74.67,87.33,87.33,PASS
county.nbl,Northumberland,0,0,0,0,0,0,0,0,0,0,262.20,262.20,+0.0000,417.95,417.95,+0.0000,0.7908,0.7908,-0.00001,382.47,382.47,227.29,227.29,0.7008,0.7008,H,H,1.0000,1.0000,0.8501,0.8501,0.8993,0.8993,1.5188,1.5188,1.0000,1.0000,0.1673,0.1673,262.20,262.20,204.03,204.03,PASS
county.nfk,Norfolk,0,0,0,0,0,0,0,0,0,0,101.17,101.17,+0.0000,301.38,301.38,-0.0000,0.8667,0.8667,+0.00003,237.42,237.42,12.28,12.28,0.8031,0.8031,H,H,1.0176,1.0176,0.9967,0.9967,0.9238,0.9238,1.3517,1.3517,0.9932,0.9932,0.1128,0.1128,92.98,92.98,89.79,89.79,PASS
county.nry,North Riding of Yorkshire,0,0,0,0,0,0,0,0,0,0,116.45,116.45,-0.0000,243.35,243.35,-0.0000,0.8971,0.8971,-0.00000,212.14,212.14,73.14,73.14,0.8396,0.8396,H,H,1.0113,1.0113,0.9404,0.9404,0.9350,0.9350,1.2755,1.2755,0.9906,0.9906,0.0950,0.0950,116.45,116.45,92.74,92.74,PASS
county.nth,Northamptonshire,0,0,0,0,0,0,0,0,0,0,110.25,110.25,-0.0000,244.22,244.22,+0.0000,0.8981,0.8981,+0.00000,202.89,202.89,48.90,48.90,0.8432,0.8432,H,H,1.0036,1.0036,0.9630,0.9630,0.9366,0.9366,1.2766,1.2766,0.9912,0.9912,0.0936,0.0936,110.25,110.25,78.61,78.61,PASS
county.ntt,Nottinghamshire,0,0,0,0,0,0,0,0,0,0,214.06,214.06,+0.0000,368.97,368.97,+0.0000,0.8202,0.8202,+0.00003,337.51,337.51,147.82,147.82,0.7431,0.7431,H,H,1.0008,1.0008,0.8931,0.8931,0.9104,0.9104,1.4462,1.4462,0.9976,0.9976,0.1378,0.1378,213.79,213.79,185.44,185.44,PASS
county.oki,Orkney,0,0,0,0,0,0,0,0,0,0,76.29,76.29,+0.0000,243.05,243.05,+0.0000,0.9176,0.9176,-0.00001,153.55,153.55,48.63,48.63,0.8770,0.8770,H,H,1.0325,1.0325,1.0214,1.0214,0.9423,0.9423,1.2751,1.2751,0.9959,0.9959,0.0824,0.0824,61.42,61.42,65.15,65.15,PASS
county.oxf,Oxfordshire,0,0,0,0,0,0,0,0,0,0,95.40,95.40,+0.0000,243.65,243.65,+0.0000,0.9029,0.9029,-0.00001,180.64,180.64,14.43,14.43,0.8528,0.8528,H,H,1.0161,1.0161,0.9985,0.9985,0.9372,0.9372,1.2759,1.2759,0.9902,0.9902,0.0904,0.0904,93.31,93.31,86.36,86.36,PASS
county.pee,Peeblesshire,0,0,0,0,0,0,0,0,0,0,38.16,38.16,+0.0000,186.64,186.64,-0.0000,0.9519,0.9519,+0.00000,140.43,140.43,27.63,27.63,0.9097,0.9097,H,H,1.0122,1.0122,0.9790,0.9790,0.9502,0.9502,1.2052,1.2052,0.9886,0.9886,0.0683,0.0683,25.02,25.02,35.00,35.00,PASS
county.pem,Pembrokeshire,0,0,0,0,0,0,0,0,0,0,113.06,113.06,+0.0000,293.24,293.24,+0.0000,0.8669,0.8669,+0.00001,232.82,232.82,15.22,15.22,0.8036,0.8036,H,H,1.0228,1.0228,0.9974,0.9974,0.9265,0.9265,1.3408,1.3408,0.9892,0.9892,0.1111,0.1111,107.58,107.58,96.98,96.98,PASS
county.per,Perthshire,0,0,0,0,0,0,0,0,0,0,48.98,48.98,+0.0000,187.14,187.14,-0.0000,0.9523,0.9523,-0.00003,129.98,129.98,46.05,46.05,0.9113,0.9113,H,H,1.0340,1.0340,1.0214,1.0214,0.9511,0.9511,1.2058,1.2058,0.9974,0.9974,0.0682,0.0682,43.64,43.64,38.38,38.38,PASS
county.rad,Radnorshire,0,0,0,0,0,0,0,0,0,0,66.96,66.96,+0.0001,191.36,191.36,+0.0000,0.9197,0.9197,-0.00005,135.35,135.35,43.97,43.97,0.8994,0.8994,H,H,1.0311,1.0311,1.0202,1.0202,0.9488,0.9488,1.2109,1.2109,0.9975,0.9975,0.0730,0.0730,46.30,46.30,60.93,60.93,PASS
county.rfw,Renfrewshire,0,0,0,0,0,0,0,0,0,0,241.47,241.47,+0.0000,489.77,489.77,-0.0000,0.7432,0.7432,-0.00003,434.14,434.14,138.06,138.06,0.6645,0.6645,H,H,1.0007,1.0007,0.9012,0.9012,0.9041,0.9041,1.6319,1.6319,0.9989,0.9989,0.1669,0.1669,241.47,241.47,212.39,212.39,PASS
county.roc,Ross and Cromarty,0,0,0,0,0,0,0,0,0,0,80.23,80.23,-0.0000,264.39,264.39,-0.0000,0.9059,0.9059,+0.00003,192.78,192.78,45.16,45.16,0.8581,0.8581,H,H,1.0386,1.0386,1.0196,1.0196,0.9353,0.9353,1.3026,1.3026,0.9978,0.9978,0.0947,0.0947,72.41,72.41,66.82,66.82,PASS
county.rox,Roxburghshire,0,0,0,0,0,0,0,0,0,0,62.16,62.16,+0.0000,204.38,204.38,+0.0000,0.9274,0.9274,-0.00001,161.12,161.12,38.60,38.60,0.8866,0.8866,H,H,1.0305,1.0305,1.0196,1.0196,0.9434,0.9434,1.2268,1.2268,0.9994,0.9994,0.0788,0.0788,27.53,27.53,61.21,61.21,PASS
county.rut,Rutland,0,0,0,0,0,0,0,0,0,0,85.60,85.60,-0.0000,238.21,238.21,-0.0000,0.9065,0.9065,+0.00004,172.33,172.33,47.87,47.87,0.8572,0.8572,H,H,1.0291,1.0291,1.0220,1.0220,0.9363,0.9363,1.2690,1.2690,0.9975,0.9975,0.0906,0.0906,74.95,74.95,76.91,76.91,PASS
county.sal,Shropshire,0,0,0,0,0,0,0,0,0,0,160.20,160.20,+0.0000,289.25,289.25,-0.0000,0.8681,0.8681,+0.00001,250.29,250.29,47.24,47.24,0.8084,0.8084,H,H,1.0232,1.0232,0.9631,0.9631,0.9271,0.9271,1.3354,1.3354,0.9900,0.9900,0.1094,0.1094,160.20,160.20,125.06,125.06,PASS
county.sel,Selkirkshire,0,0,0,0,0,0,0,0,0,0,77.74,77.74,+0.0001,210.18,210.18,-0.0000,0.9132,0.9132,-0.00004,181.50,181.50,87.02,87.02,0.8591,0.8591,H,H,1.0008,1.0008,0.9323,0.9323,0.9430,0.9430,1.2339,1.2339,0.9978,0.9978,0.0816,0.0816,70.78,70.78,75.48,75.48,PASS
county.sfk,Suffolk,0,0,0,0,0,0,0,0,0,0,96.32,96.32,-0.0000,281.27,281.27,+0.0000,0.8797,0.8797,+0.00004,219.41,219.41,16.71,16.71,0.8213,0.8213,H,H,1.0161,1.0161,0.9914,0.9914,0.9298,0.9298,1.3248,1.3248,0.9939,0.9939,0.1040,0.1040,91.57,91.57,86.32,86.32,PASS
county.shi,Shetland,0,0,0,0,0,0,0,0,0,0,89.02,89.02,-0.0001,264.35,264.35,-0.0000,0.9085,0.9085,+0.00000,183.53,183.53,47.60,47.60,0.8617,0.8617,H,H,1.0372,1.0372,1.0211,1.0211,0.9373,0.9373,1.3026,1.3026,0.9978,0.9978,0.0915,0.0915,69.76,69.76,79.83,79.83,PASS
county.som,Somerset,0,0,0,0,0,0,0,0,0,0,125.27,125.27,-0.0000,287.09,287.09,+0.0000,0.8738,0.8738,-0.00002,232.66,232.66,29.16,29.16,0.8121,0.8121,H,H,1.0225,1.0225,0.9789,0.9789,0.9275,0.9275,1.3325,1.3325,0.9901,0.9901,0.1079,0.1079,123.42,123.42,100.53,100.53,PASS
county.sry,Surrey,0,0,0,0,0,0,0,0,5593,5593,281.59,281.59,-0.0000,444.39,444.39,+0.0000,0.7653,0.7653,-0.00005,419.04,419.04,293.90,293.90,0.6677,0.6677,H,H,1.0011,1.0011,0.8066,0.8066,0.8917,0.8917,1.5595,1.5595,0.9975,0.9975,0.1855,0.1855,260.75,260.75,277.20,277.20,PASS
county.ssx,Sussex,0,0,0,0,0,0,0,0,1479,1479,149.29,149.29,-0.0000,325.58,325.58,-0.0000,0.8424,0.8424,+0.00001,284.51,284.51,87.32,87.32,0.7680,0.7680,H,H,1.0008,1.0008,0.9309,0.9309,0.9181,0.9181,1.3848,1.3848,0.9926,0.9926,0.1272,0.1272,147.52,147.52,123.90,123.90,PASS
county.sti,Stirlingshire,0,0,0,0,0,0,0,0,0,0,200.34,200.34,-0.0000,334.51,334.51,-0.0000,0.8404,0.8404,-0.00002,295.75,295.75,125.63,125.63,0.7651,0.7651,H,H,1.0009,1.0009,0.9088,0.9088,0.9184,0.9184,1.3973,1.3973,0.9982,0.9982,0.1293,0.1293,200.34,200.34,151.88,151.88,PASS
county.sts,Staffordshire,0,0,0,0,0,0,0,0,0,0,297.54,297.54,-0.0000,418.21,418.21,-0.0000,0.7802,0.7802,+0.00002,382.49,382.49,193.50,193.50,0.6927,0.6927,H,H,1.0010,1.0010,0.8657,0.8657,0.8978,0.8978,1.5192,1.5192,0.9986,0.9986,0.1693,0.1693,295.63,295.63,237.10,237.10,PASS
county.sut,Sutherland,0,0,0,0,0,0,0,0,0,0,62.72,62.72,+0.0001,230.68,230.68,+0.0000,0.9265,0.9265,+0.00000,162.46,162.46,38.23,38.23,0.8867,0.8867,H,H,1.0251,1.0251,1.0158,1.0158,0.9427,0.9427,1.2595,1.2595,0.9980,0.9980,0.0825,0.0825,50.97,50.97,49.87,49.87,PASS
county.tyr,Tyrone,0,0,0,0,0,0,0,0,376,376,152.91,152.91,+0.0000,290.72,290.72,-0.0000,0.8467,0.8467,+0.00005,249.46,249.46,89.18,89.18,0.7934,0.7934,H,H,1.0493,1.0493,1.0418,1.0418,0.9463,0.9463,1.3374,1.3374,0.9975,0.9975,0.0842,0.0842,146.64,146.64,148.47,148.47,PASS
county.war,Warwickshire,0,0,0,0,0,0,0,0,0,0,217.59,217.59,+0.0000,331.14,331.14,-0.0000,0.8242,0.8242,-0.00000,296.03,296.03,122.35,122.35,0.7519,0.7519,H,H,1.0008,1.0008,0.9075,0.9075,0.9138,0.9138,1.3925,1.3925,0.9974,0.9974,0.1315,0.1315,216.21,216.21,183.02,183.02,PASS
county.wes,Westmorland,0,0,0,0,0,0,0,0,0,0,81.85,81.85,+0.0000,195.03,195.03,-0.0000,0.9044,0.9044,+0.00004,154.61,154.61,18.27,18.27,0.8817,0.8817,H,H,1.0262,1.0262,1.0004,1.0004,0.9469,0.9469,1.2153,1.2153,0.9957,0.9957,0.0738,0.0738,62.82,62.82,77.31,77.31,PASS
county.wig,Wigtownshire,0,0,0,0,0,0,0,0,0,0,117.92,117.92,-0.0000,287.19,287.19,-0.0000,0.8809,0.8809,-0.00005,227.36,227.36,70.20,70.20,0.8215,0.8215,H,H,1.0438,1.0438,1.0318,1.0318,0.9294,0.9294,1.3327,1.3327,0.9978,0.9978,0.1067,0.1067,96.24,96.24,100.96,100.96,PASS
county.wil,Wiltshire,0,0,0,0,0,0,0,0,0,0,72.27,72.27,-0.0000,218.99,218.99,-0.0000,0.9210,0.9210,-0.00004,157.07,157.07,13.77,13.77,0.8762,0.8762,H,H,1.0154,1.0154,0.9990,0.9990,0.9410,0.9410,1.2448,1.2448,0.9918,0.9918,0.0809,0.0809,67.18,67.18,59.82,59.82,PASS
county.wln,West Lothian,0,0,0,0,0,0,0,0,0,0,190.72,190.72,-0.0000,333.75,333.75,-0.0000,0.8367,0.8367,+0.00003,306.45,306.45,141.10,141.10,0.7573,0.7573,H,H,1.0000,1.0000,0.8884,0.8884,0.9151,0.9151,1.3962,1.3962,0.9948,0.9948,0.1337,0.1337,190.72,190.72,136.52,136.52,PASS
county.wor,Worcestershire,0,0,0,0,0,0,0,0,0,0,173.32,173.32,+0.0000,313.45,313.45,-0.0000,0.8500,0.8500,-0.00000,265.20,265.20,95.06,95.06,0.7834,0.7834,H,H,1.0009,1.0009,0.9262,0.9262,0.9210,0.9210,1.3681,1.3681,0.9973,0.9973,0.1206,0.1206,173.32,173.32,130.28,130.28,PASS
county.wry,West Riding of Yorkshire,0,0,0,0,0,0,0,0,0,0,279.62,279.62,-0.0000,417.09,417.09,-0.0000,0.8044,0.8044,-0.00005,384.39,384.39,197.58,197.58,0.7122,0.7122,H,H,1.0011,1.0011,0.8692,0.8692,0.8985,0.8985,1.5175,1.5175,0.9986,0.9986,0.1631,0.1631,279.62,279.62,209.08,209.08,PASS
