family	key	url	retrieved	bytes	sha256	licence	redistribute_raw	derived_in_repo	status
A	boe_millennium	https://www.bankofengland.co.uk/-/media/boe/files/statistics/research-datasets/a-millennium-of-macroeconomic-data-for-the-uk.xlsx	2026-09-26	27533690	4c23dd392a498691eac92659aec283fb43f28118bd80511dc87fc595974195eb	Bank of England website terms (https://www.bankofengland.co.uk/legal): copyright the Bank; download for personal or internal non-commercial use; re-use needs the Bank's permission; third-party material (Broadberry, Clark, Feinstein, Mitchell, others) stays with its owners. Not the OGL.	no	no	cached; sha256 matches pin
A	boe_legal_page	https://www.bankofengland.co.uk/legal	2026-09-26	80219	eca0b9c444b20458d465395326899e78c69ea674c9a0951b2ea876462fb5a500	the licence record itself	no	no	fetched; unpinned (web page): sha256 recorded
A	bns_site_erratum	https://paul-bouscasse.github.io/files/bns_malthus_erratum.pdf	2026-09-26	269118	0cd43282803a0751585d29a589da2be4bab036623ee9b52d5fe70becfbc48054	none stated (author's personal site)	no	no	cached; sha256 matches pin
A	bns_site_appendix	https://paul-bouscasse.github.io/files/bns_malthus_appendix.pdf	2026-09-26	2385263	8184e00a42fe2da5c40b518338a918fe29d2397a52aa51721325cd8809828a50	none stated (author's personal site)	no	no	cached; sha256 matches pin
A	bns_site_estimates	https://paul-bouscasse.github.io/files/bns_estimates.xlsx	2026-09-26	103516	ee663daab37899984b9148ef7825045f8a999f9620cacab31062470f45e7009d	none stated (author's personal site); same bytes as the CC0 deposit (checked by sha256)	via the CC0 deposit	yes	cached; sha256 matches pin
A	bns_boe_copy	https://dataverse.harvard.edu/api/access/datafile/10811145	2026-09-26	29766578	70db9463379d5c06a65a67497f1810b08c22bebe89014be3e036d6d3fb81b6b4	third-party original deposited inside a CC0 archive; the depositor cannot relicense it: treat as the original owner's terms (Bank of England)	no	no	cached; sha256 matches pin
A	bns_readme	https://dataverse.harvard.edu/api/access/datafile/10811187	2026-09-26	211192	d6e5166159e802edc74c9f7a1715f06f2ab4dee5324d1f6ab4b8b2dfd417907e	CC0 1.0 (Dataverse dataset licence, version 2.2, released 2025-04-16)	yes	yes	cached; sha256 matches pin
A	bns_estimates	https://dataverse.harvard.edu/api/access/datafile/10811120	2026-09-26	103516	ee663daab37899984b9148ef7825045f8a999f9620cacab31062470f45e7009d	CC0 1.0 (Dataverse dataset licence, version 2.2, released 2025-04-16)	yes	yes	cached; sha256 matches pin
A	bns_malthus_data	https://dataverse.harvard.edu/api/access/datafile/10811162?format=original	2026-09-26	18912	437a9c7640709ad683d9bccc8b9a444efe51c5cbf7076e19876fb2cef81f304a	CC0 1.0 (Dataverse dataset licence, version 2.2, released 2025-04-16); a BNS compilation of third-party series (Clark's Wages 2014 and his 2007 and 2010 population, the Bank's Broadberry population, Allen 2007, Humphries-Weisdorf 2019, Clark 2010 Table 13, Steinsson's MalthusFigures), built by dataset.R: the numbers are the cited authors' (flag them)	flag	flag	cached; sha256 matches pin
A	bns_allen07	https://dataverse.harvard.edu/api/access/datafile/10811083	2026-09-26	14223	431564977567246e7cebfbf6692086d64520c1f453b1dd9490c07b9ab0b5f46b	CC0 1.0 (Dataverse dataset licence, version 2.2, released 2025-04-16); a BNS digitisation of published tables: the numbers are the cited authors' (flag them) (Allen 2007, appendices I-II)	flag	flag	cached; sha256 matches pin
A	bns_clark10	https://dataverse.harvard.edu/api/access/datafile/10811125	2026-09-26	29630	668927fd801888c136e7bc869c701c675f4e953c9e623338050d6440553bcf21	CC0 1.0 (Dataverse dataset licence, version 2.2, released 2025-04-16); a BNS digitisation of published tables: the numbers are the cited authors' (flag them) (Clark 2010, tables 1, 13, 33)	flag	flag	cached; sha256 matches pin
A	bns_clark07	https://dataverse.harvard.edu/api/access/datafile/10811138	2026-09-26	12352	04a41d6c32670b2a1623020ee022b4233a38589f6c8c36afccfc29d619313da3	CC0 1.0 (Dataverse dataset licence, version 2.2, released 2025-04-16); a BNS digitisation of published tables: the numbers are the cited authors' (flag them) (Clark 2007, table 9)	flag	flag	cached; sha256 matches pin
A	bns_hw19	https://dataverse.harvard.edu/api/access/datafile/10811136	2026-09-26	75889	6af7f532724e037b78c10307a0c3d124be73e233f417d73439977ba311cb4244	CC0 1.0 (Dataverse dataset licence, version 2.2, released 2025-04-16); a BNS digitisation of published tables: the numbers are the cited authors' (flag them) (Humphries-Weisdorf 2019, tables A2-A3)	flag	flag	cached; sha256 matches pin
A	bns_broadberry15	https://dataverse.harvard.edu/api/access/datafile/10811114	2026-09-26	8805	3e33f232b7436f009cfe5f2daf19a6c9f963674308b772d0b91b1e1d740493bf	CC0 1.0 (Dataverse dataset licence, version 2.2, released 2025-04-16); a BNS digitisation of published tables: the numbers are the cited authors' (flag them) (Broadberry et al. 2015)	flag	flag	cached; sha256 matches pin
A	bns_dataset_R	https://dataverse.harvard.edu/api/access/datafile/10811172	2026-09-26	6780	e939f08ebde19688977fdce29c6f5d36a10c977e524ad8a2745eb275cdd40a8b	CC0 1.0 (Dataverse dataset licence, version 2.2, released 2025-04-16)	yes	yes	cached; sha256 matches pin
A	bns_clark_nni2015	https://dataverse.harvard.edu/api/access/datafile/10811148	2026-09-26	235729	214ae3b58c2da845b408cb18587ba1f02304a65c4fc609b0b2f6f9aa4320b090	third-party original deposited inside a CC0 archive; the depositor cannot relicense it: treat as the original owner's terms (Gregory Clark)	no	no	cached; sha256 matches pin
A	bns_clark_wages2014	https://dataverse.harvard.edu/api/access/datafile/10811198	2026-09-26	108349	8959af72be11af1d574ebf69c9c31784bf385dd7a925f22aaa323e7d72a37781	third-party original deposited inside a CC0 archive; the depositor cannot relicense it: treat as the original owner's terms (Gregory Clark)	no	no	cached; sha256 matches pin
A	bns_malthusfigures	https://dataverse.harvard.edu/api/access/datafile/10811124	2026-09-26	170069	b2ea55eb66848a2126bc2e1668774cfc73d1114092c3bb75b1aaa7388c022dff	CC0 1.0 (Dataverse dataset licence, version 2.2, released 2025-04-16); Steinsson's lecture-note compilation of others' series (flag them)	flag	flag	cached; sha256 matches pin
B	clark_nni2015	https://faculty.econ.ucdavis.edu/faculty/gclark/English%20Data/England%20NNI%20-%20Clark%20-%202015.xlsx	2026-09-26	235729	214ae3b58c2da845b408cb18587ba1f02304a65c4fc609b0b2f6f9aa4320b090	none stated on Clark's data page or in the file; posted for public download; copyright stays with the author	no	no	cached
B	clark_wages2014	https://faculty.econ.ucdavis.edu/faculty/gclark/English%20Data/Wages%202014.xlsx	2026-09-26	108349	8959af72be11af1d574ebf69c9c31784bf385dd7a925f22aaa323e7d72a37781	none stated on Clark's data page or in the file; posted for public download; copyright stays with the author	no	no	cached
B	clark_farm2002	https://faculty.econ.ucdavis.edu/faculty/gclark/English%20Data/farm2002.xls	2026-09-26	193024	5eec71f854f51781027bde13db42c88e9c4c46918a44a1e42d49c9f0a0489e4c	none stated on Clark's data page or in the file; posted for public download; copyright stays with the author	no	no	cached
B	clark_macroagg_pdf	https://faculty.econ.ucdavis.edu/faculty/gclark/papers/Macroagg2009.pdf	2026-09-26	579388	b4995bc7ae8ee1d7d59932c2efa199cbb6e9cd85103beea54bc9c23759ea1b92	none stated; author's working-paper PDF; copyright stays with the author (and publisher)	no	no	cached
B	clark_rent2002_pdf	https://faculty.econ.ucdavis.edu/faculty/gclark/papers/rentereh.pdf	2026-09-26	1032797	79fa99cb3fcc883b61d29357dea4542af0fbc736fbae856762a80578c57ae12f	none stated; author's working-paper PDF; copyright stays with the author (and publisher)	no	no	cached
B	clark_datapage	https://faculty.econ.ucdavis.edu/faculty/gclark/data.html	2026-09-26	11873	2bac63b80ca5fc375041fd1a568c16282b3287702fcc08405cc5efa9aaef2fb0	the licence record itself	no	no	fetched; no pin: sha256 recorded
B	gpih_clark_england	https://gpih.ucdavis.edu/files/England_1209-1914_%28Clark%29.xls	2026-09-26	1378304	072c338b729e5c063473a9d8f6df203fe9f0537dcdbb113b098cf5bcdd3630d7	none stated on the GPIH site or in the file; the file says 'Provided by Gregory Clark, 10 April 2006', re-formatted by Peter Lindert	no	no	cached
B	bns_dataset_R	https://dataverse.harvard.edu/api/access/datafile/10811172	2026-09-26	6780	e939f08ebde19688977fdce29c6f5d36a10c977e524ad8a2745eb275cdd40a8b	CC0 1.0 (Dataverse dataset licence, version 2.2, released 2025-04-16)	yes	yes	cached
B	bns_feinstein88	https://dataverse.harvard.edu/api/access/datafile/10811140	2026-09-26	9622	72ccf51a52f4bf9b340a1aee2115a1615f167eb4842f9a9a75449e0da715d106	CC0 1.0 (Dataverse dataset licence, version 2.2, released 2025-04-16); a BNS digitisation of a published table: the numbers are the cited author's (flag them) (Feinstein 1988, table VIII cols 4 and 7)	flag	flag	cached
B	bns_clark_nni_copy	https://dataverse.harvard.edu/api/access/datafile/10811148	2026-09-26	235729	214ae3b58c2da845b408cb18587ba1f02304a65c4fc609b0b2f6f9aa4320b090	third-party original deposited inside a CC0 archive; the depositor cannot relicense it: treat as the original owner's terms (Clark)	no	no	cached
B	bns_clark_wages_copy	https://dataverse.harvard.edu/api/access/datafile/10811198	2026-09-26	108349	8959af72be11af1d574ebf69c9c31784bf385dd7a925f22aaa323e7d72a37781	third-party original deposited inside a CC0 archive; the depositor cannot relicense it: treat as the original owner's terms (Clark)	no	no	cached
B	bns_howgrowthbegan	https://dataverse.harvard.edu/api/access/datafile/10811141	2026-09-26	327263	375f2baafc42c312027c75c1105ee411157febfb96c4d4070260af7681fe49c4	CC0 1.0 (Dataverse dataset licence, version 2.2, released 2025-04-16); Steinsson (2024) figure workbook; compiles others' series (flag them)	flag	flag	cached
B	bns_gdp_efficiency	https://dataverse.harvard.edu/api/access/datafile/10811084	2026-09-26	392980	0d7c31df0c9d47cb81218a37932751f6e9f8bf5ca3c7f51bbb7bc688c46ad1ab	third-party original deposited inside a CC0 archive; the depositor cannot relicense it: treat as the original owner's terms (Clark, private correspondence 2023-02-18)	no	no	cached
B	feinstein98_fulltext	https://doi.org/10.1017/S0022050700021100	2026-09-26			journal copyright (Journal of Economic History 58(3), 1998)	no	no	BLOCKED: abstract page only; full text behind 'Get access' (paywall). Values reach us only through the BoE file (family A)
B	ws1981_ukda_4491	http://doi.org/10.5255/UKDA-SN-4491-1	2026-09-26			UK Data Service terms; not read: the catalogue page renders by script and DataCite lists no rights	no	no	NOT FETCHED: the DOI resolves to the UK Data Service catalogue (study 4491, 'Parish Register Aggregate Analyses, 1662-1811; 404 Data'). Downloads there go through a user account; none is created or used here. It holds parish counts, the input to Wrigley-Schofield, not their population series
C	clark_nni2015	https://faculty.econ.ucdavis.edu/faculty/gclark/English%20Data/England%20NNI%20-%20Clark%20-%202015.xlsx	2026-09-26	235729	214ae3b58c2da845b408cb18587ba1f02304a65c4fc609b0b2f6f9aa4320b090	none stated on the author's page; academic copyright assumed	no		fetched; sha256 matches pin
C	clark_macroagg2010_pdf	https://faculty.econ.ucdavis.edu/faculty/gclark/papers/Macroagg2009.pdf	2026-09-26	579388	b4995bc7ae8ee1d7d59932c2efa199cbb6e9cd85103beea54bc9c23759ea1b92	none stated on the author's page; academic copyright assumed	no		fetched; sha256 matches pin
C	clark_rent2002_pdf	https://faculty.econ.ucdavis.edu/faculty/gclark/papers/rentereh.pdf	2026-09-26	1032797	79fa99cb3fcc883b61d29357dea4542af0fbc736fbae856762a80578c57ae12f	none stated on the author's page; academic copyright assumed	no		fetched; sha256 matches pin
C	bns_clark10	https://dataverse.harvard.edu/api/access/datafile/10811125	2026-09-26	29630	668927fd801888c136e7bc869c701c675f4e953c9e623338050d6440553bcf21	CC0 1.0 (Harvard Dataverse, dataset version 2.2); third-party numbers flagged	flag (a CC0 digitisation of Clark 2010 tables; the numbers are Clark's; not committed)		fetched; sha256 matches pin
C	boe_millennium	https://www.bankofengland.co.uk/-/media/boe/files/statistics/research-datasets/a-millennium-of-macroeconomic-data-for-the-uk.xlsx	2026-09-26	27533690	4c23dd392a498691eac92659aec283fb43f28118bd80511dc87fc595974195eb	BoE website terms (https://www.bankofengland.co.uk/legal): personal or internal non-commercial use; re-use needs the Bank's permission; third-party series stay with their owners	no		fetched; sha256 matches pin
C	allen_engelspause_pdf	https://www.nuff.ox.ac.uk/Users/Allen/engelspause.pdf	2026-09-26	706313	97f2c976cb36005521cc8109acebcda860fce46150bd2e0fce939139eb64a4dd	none stated; journal copyright (EEH 2009) on the published version	no		fetched; sha256 matches pin
C	bogart_enclosure_note	https://sites.socsci.uci.edu/~dbogart/enclosuredatanote_may12017.pdf	2026-09-26	174419	57566dd9b8b30e7a92403c4b760ce9de67c0812b7d9d99a5614fe11268a78c66	none stated	no		fetched; sha256 matches pin
C	stamp1916_pdf	https://archive.org/download/britishincomespr00stamuoft/britishincomespr00stamuoft.pdf	2026-09-26	34659847	a14150629e5f2a249d93bdf586b53099057378e6e2351b27636581c55d4951a9	public domain (Stamp d. 1941; archive.org: NOT_IN_COPYRIGHT); scan by University of Toronto (Robarts)	yes (public domain)		fetched; sha256 matches pin
C	stamp1916_djvu_txt	https://archive.org/download/britishincomespr00stamuoft/britishincomespr00stamuoft_djvu.txt	2026-09-26	1340281	8de5e6c16aded02e8d8d4fc8124e4ae2edd6bcb1b4094bc29e4af43eb88c6693	public domain OCR of the above	yes (public domain)		fetched; sha256 matches pin
C	allen_site	https://robert-c-allen.net/	2026-09-26						blocked: WordPress.com private-site login wall (HTTP 200, no data)
C	campop_enclosures	https://www.campop.geog.cam.ac.uk/research/projects/transport/data/enclosures.html	2026-09-26						no download: the page shows a map image (enclosure.png) and no data link
C	bahs_chapman1987	https://www.bahs.org.uk/AGHR/ARTICLES/35n1a3.pdf	2026-09-26						404 on 2026-09-26 (search-engine link to AgHR 35(1); archive moved)
C	bahs_walton1990	https://bahs.org.uk/AGHR/ARTICLES/38n1a6.pdf	2026-09-26						404 on 2026-09-26 (search-engine link to AgHR 38(1); archive moved)
C	turner_county_acreage	(none found)	2026-09-26						not found: no public copy of Turner (1980) county acreage or of the Tate-Turner digitisation (Clark 2001; Satchell-Bogart-Shaw-Taylor shapefile); Harvard Dataverse and Zenodo searched; HRV (QJE 2021, doi:10.7910/DVN/YZO7DV, CC0) has only a parish dummy 'Parliamentary Enclosure 1750-1840', not acreage
C	allen2009_rent_share	https://www.nuff.ox.ac.uk/Users/Allen/engelspause.pdf	2026-09-26						figure only: Allen (2009) Fig. 2 plots land's share 1770-1913 (GB); no table, no data file reachable (his site is a login wall). Not digitised from the figure
C	broadberry2015_factor_shares	(none found)	2026-09-26						not found: Broadberry et al. (2015) is output-side; no rent or factor-share series in the BoE carrier (A2-A7) or the BNS digitisation; the book is 403 at CUP
sheet	gpih_allen_london_south_eng	https://gpih.ucdavis.edu/files/Allen_London_South_Eng_1259-1914.xlsx	2026-09-26	787081	a8d1b729f86a73498193aea526f1da1d2b82c8098c6d566a6636cf8fe2256827	none stated on the GPIH site or in the file; Allen's spreadsheet, mirrored by GPIH	no	no	fetched; sha256 matches the probe pin; used only to check the BoE carry of Allen (A47 AG-AK, BH)
