# Stamp, J. C. (1916) British Incomes and Property, Table A4 p.49: Income Tax Sch. A, Lands (including Tithes), GBP 000.
# Public domain. Read off the archive.org scan (britishincomespr00stamuoft, PDF page 71) at 300 dpi on 2026-09-26.
# fiscal_year t-t+1. *_err: the margin (+ or -) Stamp prints, applied over the braced years. 1814-15 has E&W and Scotland only.
fiscal_year,ew,scotland,ireland,uk,ew_err,scotland_err,ireland_err,uk_err
1814-15,37063,5075,,,,,,
1842-3,42127,5587,10550,58264,,,,300
1843-4,42000,5150,10550,57700,100,100,300,500
1844-5,42000,5000,10550,57550,100,100,300,500
1845-6,42031,5509,10550,58090,,,300,300
1846-7,42015,5500,10550,58065,,50,300,350
1847-8,41980,5632,10560,58172,,,300,300
1848-9,42853,5634,10550,59037,,,300,300
1849-50,42829,5586,10350,58765,,,300,300
1850-1,42790,5543,10280,58613,,,300,300
1851-2,41490,5487,9540,56517,,,300,300
1852-3,41449,5499,9260,56208,,,,300
1853-4,41430,5687,8900,56017,,,100,100
1854-5,41597,5725,8950,56272,,,100,100
1855-6,41485,5873,8890,56248,,,100,100
1856-7,41545,5932,8840,56317,,,100,100
1857-8,42895,6254,9400,58549,,,100,100
1858-9,42912,6230,9420,58562,,,100,100
1859-60,42995,6282,9430,58707,,,100,100
1860-1,43036,6357,9490,58883,,,100,100
1861-2,44686,6675,9723,61084,,,20,20
1862-3,44663,6715,9720,61098,,,20,20
1863-4,44724,6718,9699,61141,,,20,20
1864-5,46462,6831,9877,63170,,,20,20
1865-6,46482,6850,9887,63219,,,20,20
1866-7,46556,6965,9992,63513,,,20,20
1867-8,47767,7186,9961,64914,,,20,20
1868-9,47799,7217,9952,64968,,,20,20
1869-70,47857,7195,9879,64931,,,20,20
1870-1,49011,7301,9886,66198,,,20,20
1871-2,49027,7326,9884,66237,,,20,20
1872-3,49035,7363,9885,66283,,,,
1873-4,49956,7497,9924,67377,,,,
1874-5,50272,7493,9923,67688,,,,
1875-6,50408,7505,9921,67834,,,,
1876-7,52016,7690,9938,69644,,,,
1877-8,51934,7666,9937,69537,,,,
1878-9,51870,7668,9940,69478,,,,
1879-80,52041,7769,9981,69791,,,,
1880-1,51847,7712,9981,69540,,,,
1881-2,51419,7649,9980,69048,,,,
1882-3,48659,7573,9981,66213,,,,
1883-4,48211,7505,9982,65698,,,,
1884-5,47864,7462,9983,65309,,,,
1885-6,46255,7320,9954,63530,,,,
1886-7,45635,7100,9958,62693,,,,
1887-8,44732,6824,9958,61513,,,,
1888-9,42534,6540,9941,59015,,,,
1889-90,42053,6417,9942,58411,,,,
1890-1,41635,6375,9941,57952,,,,
1891-2,41385,6319,9943,57647,,,,
1892-3,41059,6291,9874,57224,,,,
1893-4,40335,6252,9895,56482,,,,
1894-5,39942,6193,9895,56031,,,,
1895-6,39624,6148,9894,55666,,,,
1896-7,39045,6100,9894,55040,,,,
1897-8,38378,6045,9749,54172,,,,
1898-9,37526,5967,9747,53240,,,,
1899-1900,37332,5957,9747,53036,,,,
1900-1,37160,5944,9751,52854,,,,
1901-2,37017,5912,9748,52677,,,,
1902-3,36836,5883,9655,52374,,,,
1903-4,37149,5853,9718,52720,,,,
1904-5,36896,5838,9723,52455,,,,
1905-6,36810,5821,9721,52351,,,,
1906-7,36715,5811,9727,52253,,,,
1907-8,36629,5802,9725,52156,,,,
1908-9,36584,5772,9738,52095,,,,
1909-10,36567,5776,9768,52111,,,,
1910-11,37044,5757,9694,52495,,,,
1911-12,36990,5739,9691,52420,,,,
1912-13,37013,5730,9695,52438,,,,
1913-14,37071,5713,9699,52484,,,,
