key,chapman,hcs,name,nation,area_km2,pop1750_k,pop1801_k,pop1841_k,pop1851_k,pop1901_k,upland,coal,textile,textile_kind,textile_from,eng,metro,port,canal,openfield,improver,fen,mining,slate,highland,speen,kelp
county.bdf,BDF,BED,Bedfordshire,england,1202.5,53,63,,124,172,0,0,0,,,0,0,0,0.2,0.8,0.6,0.1,0,0,0,1,0
county.brk,BRK,BER,Berkshire,england,1863.9,92,110,,170,256,0,0,0,,,0,0,0,0.3,0.6,0.5,0,0,0,0,1,0
county.bkm,BKM,BUC,Buckinghamshire,england,1919.9,90,108,,163,196,0,0,0,,,0,0.1,0,0.5,0.8,0.5,0,0,0,0,1,0
county.cam,CAM,CMB,Cambridgeshire,england,2221.6,72,89,,185,191,0,0,0,,,0,0,0,0.2,0.6,0.6,1,0,0,0,1,0
county.chs,CHS,CHE,Cheshire,england,2681.6,131,192,,456,815,0.1,0.2,0.6,cotton,1780,0.4,0,0,0.8,0.1,0.4,0,0.2,0,0,0,0
county.con,CON,CNW,Cornwall,england,3542.1,135,192,,356,322,0.3,0,0,,,0.3,0,0.4,0.1,0,0.3,0,1,0,0,0,0
county.cul,CUL,CUM,Cumberland,england,3941.6,87,117,,195,267,0.6,0.4,0,,,0.2,0,0.3,0.1,0.2,0.3,0,0.2,0,0,0,0
county.dby,DBY,DRB,Derbyshire,england,2666.4,110,161,,296,620,0.4,0.5,0.5,cotton,1771,0.3,0,0,0.6,0.4,0.3,0,0.4,0,0,0,0
county.dev,DEV,DVN,Devon,england,6789.6,272,343,,567,662,0.3,0,0.2,wool,1800,0.1,0,0.5,0.1,0.1,0.3,0,0.2,0,0,0,0
county.dor,DOR,DRS,Dorset,england,2601.5,90,115,,184,202,0.1,0,0,,,0,0,0,0,0.4,0.4,0,0,0,0,1,0
county.dur,DUR,DRH,Durham,england,2896.5,135,160,,391,1187,0.3,1,0,,,0.4,0,0.6,0.1,0.3,0.3,0,0.2,0,0,0,0
county.ess,ESS,ESE,Essex,england,4121.2,167,226,,370,1084,0,0,0,,,0,0.2,0.3,0.1,0.1,0.6,0.1,0,0,0,1,0
county.gls,GLS,GLC,Gloucestershire,england,3317.6,208,251,,458,709,0.2,0.3,0.4,wool,1800,0.2,0,0.6,0.4,0.4,0.4,0,0,0,0,0.5,0
county.ham,HAM,HMP,Hampshire,england,4300.1,138,219,,405,798,0.1,0,0,,,0.2,0,0.6,0.2,0.4,0.4,0,0,0,0,1,0
county.hef,HEF,HRF,Herefordshire,england,2185.0,79,89,,115,114,0.2,0,0,,,0,0,0,0.1,0.3,0.4,0,0,0,0,0.5,0
county.hrt,HRT,HTF,Hertfordshire,england,1652.9,86,97,,167,258,0,0,0,,,0,0.1,0,0.4,0.5,0.6,0,0,0,0,1,0
county.hun,HUN,HNT,Huntingdonshire,england,946.7,32,38,,64,57,0,0,0,,,0,0,0,0.2,0.8,0.6,0.6,0,0,0,1,0
county.ken,KEN,KNT,Kent,england,4159.1,190,307,,615,1349,0,0,0,,,0.2,0.3,0.6,0.1,0.1,0.5,0,0,0,0,1,0
county.lan,LAN,LCS,Lancashire,england,4917.7,297,673,,2031,4407,0.3,0.8,1,cotton,1768,0.8,0,1,1,0.1,0.2,0.1,0,0,0,0,0
county.lei,LEI,LCR,Leicestershire,england,2130.0,95,130,,234,434,0,0.3,0.4,hosiery,1845,0.2,0,0,0.6,1,0.4,0,0,0,0,0.3,0
county.lin,LIN,LNC,Lincolnshire,england,6961.2,160,208,,407,499,0,0,0,,,0,0,0,0.3,0.7,0.6,0.8,0,0,0,0.5,0
county.mdx,MDX,MSX,Middlesex,england,737.9,641,818,,1887,3585,0,0,0.2,silk,1825,0.8,1,1,0.6,0.2,0.2,0,0,0,0,0,0
county.nfk,NFK,NRF,Norfolk,england,5328.1,215,273,,443,476,0,0,0.3,wool,1800,0,0,0.4,0,0.5,1,0.3,0,0,0,1,0
county.nth,NTH,NHP,Northamptonshire,england,2597.9,124,132,,213,338,0,0,0.2,boots,1860,0,0,0,0.5,1,0.4,0,0,0,0,1,0
county.nbl,NBL,NHB,Northumberland,england,4990.1,141,157,,304,603,0.5,0.8,0,,,0.6,0,0.8,0,0.3,0.7,0,0.1,0,0,0,0
county.ntt,NTT,NOT,Nottinghamshire,england,2184.9,77,140,,270,514,0,0.6,0.6,hosiery,1769,0.3,0,0,0.5,0.6,0.4,0,0,0,0,0.3,0
county.oxf,OXF,OXD,Oxfordshire,england,1925.8,92,112,,170,182,0,0,0,,,0,0,0,0.5,0.9,0.4,0,0,0,0,1,0
county.rut,RUT,RTL,Rutland,england,393.4,13,16,,23,20,0,0,0,,,0,0,0,0.1,0.8,0.4,0,0,0,0,0.5,0
county.sal,SAL,SHP,Shropshire,england,3508.7,130,168,,229,240,0.3,0.5,0,,,0.5,0,0,0.4,0.3,0.3,0,0.2,0,0,0.3,0
county.som,SOM,SMS,Somerset,england,4236.1,224,274,,444,508,0.2,0.2,0.3,wool,1800,0.1,0,0,0.3,0.3,0.4,0.2,0.1,0,0,0.5,0
county.sts,STS,STF,Staffordshire,england,3043.7,160,239,,609,1235,0.2,0.9,0.2,pottery,1790,0.8,0,0,1,0.4,0.3,0,0,0,0,0,0
county.sfk,SFK,SFF,Suffolk,england,3897.3,156,214,,337,384,0,0,0,,,0.1,0,0.3,0.1,0.2,0.8,0.1,0,0,0,1,0
county.sry,SRY,SUR,Surrey,england,1966.2,163,269,,683,2012,0.1,0,0,,,0.3,0.8,0,0.2,0.2,0.3,0,0,0,0,0.5,0
county.ssx,SSX,SUS,Sussex,england,3794.9,107,159,,336,605,0.1,0,0,,,0,0.3,0,0.1,0.2,0.3,0,0,0,0,1,0
county.war,WAR,WRW,Warwickshire,england,2338.0,140,208,,476,897,0,0.4,0.2,ribbons,1830,1,0,0,0.8,0.8,0.4,0,0,0,0,0.3,0
county.wes,WES,WML,Westmorland,england,2035.0,36,41,,59,64,0.8,0,0,,,0,0,0,0.1,0.2,0.2,0,0.1,0,0,0,0
county.wil,WIL,WTS,Wiltshire,england,3585.1,168,184,,255,274,0.1,0,0.3,wool,1800,0,0,0,0.3,0.6,0.4,0,0,0,0,1,0
county.wor,WOR,WRC,Worcestershire,england,1877.0,108,139,,277,488,0.1,0.3,0.2,carpets,1830,0.4,0,0,0.6,0.4,0.4,0,0,0,0,0.3,0
county.ery,ERY,YRK,East Riding of Yorkshire,england,3057.4,90,111,,220,385,0.1,0,0,,,0.1,0,0.8,0.2,0.8,0.7,0.1,0,0,0,0,0
county.nry,NRY,YRK,North Riding of Yorkshire,england,5513.9,129,155,,215,377,0.5,0.1,0,,,0.3,0,0.2,0.1,0.4,0.4,0,0.2,0,0,0,0
county.wry,WRY,YRK,West Riding of Yorkshire,england,7157.2,361,564,,1325,2824,0.4,1,1,wool,1790,0.7,0,0,0.9,0.3,0.3,0,0,0,0,0,0
county.mon,MON,MNM,Monmouthshire,wales,1395.2,40,46,,157,298,0.4,0.8,0,,,0.4,0,0,0.6,0.2,0.2,0,0.1,0,0,0,0
county.agy,AGY,AGL,Anglesey,wales,714.5,25,34,,57,51,0.2,0,0,,,0,0,0,0,0,0.2,0,0.5,0,0,0,0
county.bre,BRE,BRN,Brecknockshire,wales,1919.8,27,32,,61,54,0.8,0.2,0,,,0.1,0,0,0.2,0,0.2,0,0,0,0,0,0
county.cae,CAE,CRN,Caernarfonshire,wales,1464.3,33,42,,88,126,0.8,0,0,,,0,0,0,0,0,0.2,0,0,1,0,0,0
county.cgn,CGN,CRD,Cardiganshire,wales,1795.9,33,43,,70,61,0.7,0,0,,,0,0,0,0,0,0.2,0,0.3,0,0,0,0
county.cmn,CMN,CRM,Carmarthenshire,wales,2423.3,55,67,,111,135,0.5,0.4,0,,,0.1,0,0,0.1,0,0.2,0,0,0,0,0,0
county.den,DEN,DBH,Denbighshire,wales,1717.2,50,60,,97,130,0.6,0.4,0,,,0.1,0,0,0.3,0,0.2,0,0.2,0.2,0,0,0
county.fln,FLN,FLT,Flintshire,wales,675.9,32,40,,69,81,0.3,0.5,0.2,cotton,1785,0.2,0,0,0,0,0.2,0,0.4,0,0,0,0
county.gla,GLA,GLM,Glamorgan,wales,2144.9,55,71,,232,860,0.5,1,0,,,0.5,0,0.6,0.6,0,0.2,0,0.1,0,0,0,0
county.mer,MER,MRN,Merionethshire,wales,1751.4,25,29,,39,49,0.9,0,0,,,0,0,0,0,0,0.2,0,0,0.7,0,0,0
county.mgy,MGY,MTG,Montgomeryshire,wales,2058.1,42,48,,68,55,0.7,0,0.3,wool,1820,0,0,0,0.3,0,0.2,0,0,0,0,0,0
county.pem,PEM,PMB,Pembrokeshire,wales,1616.5,45,56,,94,88,0.3,0.2,0,,,0,0,0.4,0,0,0.2,0,0,0,0,0,0
county.rad,RAD,RDN,Radnorshire,wales,1215.6,17,19,,25,23,0.8,0,0,,,0,0,0,0,0,0.2,0,0,0,0,0,0
county.abd,ABD,ABN,Aberdeenshire,scotland,5091.2,116,121,,212,305,0.5,0,0.3,linen,1825,0.2,0,0.6,0.1,0,0.7,0,0,0,0.2,0,0
county.ans,ANS,ANG,Angus,scotland,2278.7,68,99,,191,284,0.3,0,0.8,linen,1825,0.3,0,0.6,0,0,0.5,0,0,0,0,0,0
county.arl,ARL,ARG,Argyllshire,scotland,8483.2,66,81,,89,73,0.9,0.1,0,,,0,0,0,0.1,0,0.2,0,0,0,0.8,0,0.5
county.ayr,AYR,AYS,Ayrshire,scotland,2952.7,59,84,,190,254,0.3,0.6,0.3,cotton,1790,0.3,0,0,0.1,0,0.5,0,0,0,0,0,0
county.ban,BAN,BNF,Banffshire,scotland,1664.7,36,37,,54,61,0.4,0,0,,,0,0,0,0,0,0.5,0,0,0,0.2,0,0
county.bew,BEW,BRW,Berwickshire,scotland,1198.6,24,31,,36,31,0.2,0,0,,,0,0,0,0,0,0.8,0,0,0,0,0,0
county.but,BUT,BTE,Buteshire,scotland,569.3,7,12,,17,18,0.6,0,0.2,cotton,1790,0,0,0,0,0,0.3,0,0,0,0.3,0,0.3
county.cai,CAI,CTN,Caithness,scotland,1805.0,22,23,,39,34,0.6,0,0,,,0,0,0,0,0,0.3,0,0,0,0.3,0,0.2
county.clk,CLK,CLM,Clackmannanshire,scotland,124.9,9,11,,23,32,0.2,0.7,0.3,wool,1810,0.2,0,0,0,0,0.4,0,0,0,0,0,0
county.dfs,DFS,DMF,Dumfriesshire,scotland,2768.9,40,55,,78,72,0.5,0.1,0,,,0,0,0,0,0,0.4,0,0,0,0,0,0
county.dnb,DNB,DUN,Dunbartonshire,scotland,681.1,13,21,,45,113,0.4,0.2,0.3,cotton,1790,0.5,0,0,0.3,0,0.3,0,0,0,0,0,0
county.eln,ELN,ELT,East Lothian,scotland,704.7,30,30,,36,39,0.1,0.3,0,,,0,0,0,0,0,1,0,0,0,0,0,0
county.fif,FIF,FFE,Fife,scotland,1286.5,81,94,,154,219,0.1,0.7,0.4,linen,1825,0.2,0,0,0,0,0.6,0,0,0,0,0,0
county.inv,INV,INS,Inverness-shire,scotland,10796.2,60,74,,96,90,0.95,0,0,,,0,0,0.2,0.1,0,0.2,0,0,0,1,0,0.5
county.kcd,KCD,KNC,Kincardineshire,scotland,998.4,24,26,,35,40,0.4,0,0,,,0,0,0,0,0,0.6,0,0,0,0,0,0
county.krs,KRS,KNR,Kinross-shire,scotland,201.4,4,7,,9,7,0.3,0,0,,,0,0,0,0,0,0.5,0,0,0,0,0,0
county.kkd,KKD,KCB,Kirkcudbrightshire,scotland,2353.1,22,29,,43,39,0.5,0,0,,,0,0,0,0,0,0.4,0,0,0,0,0,0
county.lks,LKS,LNK,Lanarkshire,scotland,2307.5,81,147,,530,1339,0.3,0.9,0.8,cotton,1785,0.8,0,0.8,0.6,0,0.3,0,0,0,0,0,0
county.mln,MLN,MLT,Midlothian,scotland,946.4,90,123,,259,489,0.3,0.6,0,,,0.4,0.3,0.6,0.3,0,0.7,0,0,0,0,0,0
county.mor,MOR,MOY,Morayshire,scotland,1419.9,30,27,,39,45,0.5,0,0,,,0,0,0,0,0,0.5,0,0,0,0.2,0,0
county.nai,NAI,NRN,Nairnshire,scotland,510.4,5,8,,10,9,0.5,0,0,,,0,0,0,0,0,0.4,0,0,0,0.3,0,0
county.oki,OKI,ORN,Orkney,scotland,1015.0,23,24,,32,28,0.3,0,0,,,0,0,0,0,0,0.3,0,0,0,0,0,1
county.pee,PEE,PBS,Peeblesshire,scotland,921.6,9,9,,11,15,0.7,0,0.3,wool,1830,0,0,0,0,0,0.3,0,0,0,0,0,0
county.per,PER,PRT,Perthshire,scotland,6700.5,120,126,,139,123,0.7,0,0.3,linen,1825,0,0,0,0,0,0.5,0,0,0,0.5,0,0
county.rfw,RFW,RNF,Renfrewshire,scotland,647.7,27,78,,162,269,0.2,0.4,0.9,cotton,1780,0.7,0,0.8,0.3,0,0.3,0,0,0,0,0,0
county.roc,ROC,RSS,Ross and Cromarty,scotland,8281.6,48,56,,83,77,0.9,0,0,,,0,0,0,0,0,0.2,0,0,0,1,0,0.3
county.rox,ROX,RXB,Roxburghshire,scotland,1732.5,35,34,,51,48,0.4,0,0.5,wool,1820,0,0,0,0,0,0.5,0,0,0,0,0,0
county.sel,SEL,SKK,Selkirkshire,scotland,673.4,5,6,,10,23,0.7,0,0.6,wool,1820,0,0,0,0,0,0.3,0,0,0,0,0,0
county.shi,SHI,SHT,Shetland,scotland,1468.3,15,22,,31,28,0.6,0,0,,,0,0,0,0,0,0.1,0,0,0,0.2,0,0.3
county.sti,STI,STL,Stirlingshire,scotland,1194.6,38,51,,86,142,0.3,0.6,0,,,0.4,0,0,0.4,0,0.4,0,0,0,0.1,0,0
county.sut,SUT,SRL,Sutherland,scotland,5465.3,21,23,,25,22,0.95,0.1,0,,,0,0,0,0,0,0.1,0,0,0,1,0,0.2
county.wln,WLN,WLT,West Lothian,scotland,315.0,16,18,,30,65,0.2,0.5,0,,,0.1,0,0,0.3,0,0.5,0,0.3,0,0,0,0
county.wig,WIG,WGT,Wigtownshire,scotland,1274.6,16,23,,43,32,0.3,0,0,,,0,0,0,0,0,0.5,0,0,0,0,0,0
county.ant,ANT,ANM,Antrim,ireland,3096.7,130,200,360,351,541,0.4,0.1,0.8,linen,1828,0.4,0,0.8,0.1,0,0.3,0,0,0,0,0,0
county.arm,ARM,ARH,Armagh,ireland,1329.9,90,160,232,197,125,0.1,0,0.6,linen,1840,0,0,0,0.2,0,0.2,0,0,0,0,0,0
county.dow,DOW,DWN,Down,ireland,2495.7,150,250,361,329,290,0.2,0,0.5,linen,1835,0,0,0,0.1,0,0.3,0,0,0,0,0,0
county.fer,FER,FRM,Fermanagh,ireland,1856.2,60,100,156,116,65,0.3,0,0,,,0,0,0,0,0,0.1,0,0,0,0,0,0
county.ldy,LDY,LDR,Londonderry,ireland,2124.4,90,150,222,192,144,0.4,0,0.3,linen,1850,0,0,0.4,0,0,0.2,0,0,0,0,0,0
county.tyr,TYR,TYN,Tyrone,ireland,3270.8,120,210,313,256,150,0.5,0.1,0.3,linen,1850,0,0,0,0.1,0,0.2,0,0,0,0,0,0
