key,name,measure,unit,scale,reference,domain_lo,domain_hi,inputs,source,note
wage.baskets,Wage in baskets,w / (p + h*r),baskets per hour,sequential,,0.85,1.35,MarketLine.price (labour; good; land) at the county's node; Sim::param(county.C.space),report+param,the real wage the paper's households face; narrow by construction (WORLD.md 5.2)
wage.goods,Wage in goods,w / p,goods per hour,sequential,schedule ceiling gamma(1)/J(1) = 1.667,1.25,1.7,MarketLine.price (labour; good),report,the fork's rising branch; with Appendix B's shape it cannot pass 1/(g0 + g1/(k+1))
wage.land,Wage in land,w / r,land-service units per hour,sequential-log,,0.4,2.4,MarketLine.price (labour; land),report,the fork's falling branch; the oracle's v
rent.goods,Rent in goods,r / p,goods per land-service unit,sequential-log,,0.6,3.6,MarketLine.price (land; good),report,
share.land,Land share,r*T_c / (w*L_c + r*T_c),share of factor income,sequential,,0.5,1.0,MarketLine.price and .cleared (labour; land),report,T_c and L_c are the cleared volumes; 1 - share.labour until interest exists
share.labour,Labour share,w*L_c / (w*L_c + r*T_c),share of factor income,sequential,,0.0,0.5,MarketLine.price and .cleared (labour; land),report,the oracle's labor_share at rest
frontier.x,Automation frontier,1 - GoodDeskState.share,share of tasks done by machines,sequential,1 = every task,0.6,1.0,Sim::actor_state(county.C.desk.good),extractor,the desk's planned technique; x* at rest
participation,Participation,L_c / N_tick,share of potential hours worked,sequential,1 = every potential hour,0.5,0.9,MarketLine.cleared (labour); Sim::param(county.C.workers) per tick,report+param,N_a/N; N per tick through the registry's site conversion
output.per.head,Output per head,Y_c / N_tick,goods per unit of N,sequential-log,,1.5,8.0,MarketLine.cleared (good); Sim::param(county.C.workers) per tick,report+param,N is population/25k a tick so this is proportional to output per person
price.good,Good's price in rent,p / r,land-service units per good,sequential-log,,0.28,1.6,MarketLine.price (good; land),report,
price.mach,Machine-service price in rent,p_m / r,land-service units per machine service,sequential-log,,0.4,1.4,MarketLine.price (mach; land),report,
relief.burden,Relief burden,ProviderState.due / (r*T_c),share of the rent roll,sequential,1 = the rent roll no longer covers support,0.0,1.0,Sim::actor_state(county.C.provider); MarketLine (land),extractor,the oracle's N*P_s/(r*T); above 1 the provider cannot pay
shortfall,Relief shortfall,(due - paid) / due,share of support unpaid,sequential,,0.0,0.5,Sim::actor_state(county.C.provider),extractor,zero in every county on the gradual history
rationing,Rationing,max over the county's rationing lines of 1 - filled/requested,share of a request unfilled,sequential,,0.0,0.5,RationLine (requested; filled) at the county's node,report,G0 logs onsets; this is the level
dead,Dead ticks,ticks in the trailing 52 in which one of the county's four markets did not trade,ticks per year,sequential,,0,52,MarketLine::trades (labour; land; mach; good),report,oracle-free now; the probe's rule (cleared below half the oracle volume) waits for crates/observe (O17)
gap.oracle,Gap to the county's own equilibrium,max over ten observables of |ln(o/o*)| / 1e-3,multiples of the probe's tolerance,sequential-log,1 = the tolerance,0.1,100,the probe's observables (docs/probe/RULES.md 6) and oracle unit 1a at the county's params in force (Sim::param),observe,needs crates/observe's oracle_gap (GUI.md 7.3); never fed back (R13)
gap.wage,Wage against its equilibrium,ln((w/r) / v*),log difference,diverging,0 = the oracle,-0.06,0.06,MarketLine.price (labour; land); oracle unit 1a at the params in force,observe,the signed gap of the fastest price
since.wage.baskets,Wage in baskets since 1750,ln(wage.baskets / its genesis value),log difference,diverging,0 = the county at genesis,-0.3,0.3,as wage.baskets; the run's genesis record,report+param,a change lens: every level lens has one
since.output.per.head,Output per head since 1750,ln(output.per.head / its genesis value),log difference,diverging,0 = the county at genesis,-1.2,1.2,as output.per.head,report+param,
param.workers,Population (N),Sim::param(county.C.workers),potential hours a year,sequential-log,,5,10000,Sim::param,param,the history's scarcity lever; recorded by G0's Extractor
param.land,Land services (T),Sim::param(county.C.land),land-service units a year,sequential-log,,15,30000,Sim::param,param,rents via T: enclosure; improvement; coal; sites
param.eta,Task cost scale (eta),Sim::param(county.C.eta),dimensionless,sequential,2 = genesis,1.0,2.0,Sim::param,param,task automation via gamma
param.b,Land per machine service (b),Sim::param(county.C.b),dimensionless,sequential,0.8 = genesis base,0.3,0.8,Sim::param,param,rents via b: coal and steam
param.lam,Labour per machine service (lambda),Sim::param(county.C.lam),dimensionless,sequential,,0.013,0.030,Sim::param,param,recursive automation
param.chi_max,Work cost scale (chi_max),Sim::param(county.C.chi_max),dimensionless,sequential,1 = genesis base,0.9,1.33,Sim::param,param,exit
