key,value,unit,note
name,demo-gb [illustrative],,"the tape's name; the marker [illustrative] keeps every run of it out of scoring and citation (R4, R5)"
basis,"illustrative demo, 2026-09-27",,"every entry's basis is Assumed(""<this>: <why>"")"
start,1750-01-01,,tick 0
end,1901-01-01,,the history's horizon: no ramp ends after it; the tests run to its tick
ticks_per_year,52,,weekly ticks; the tables register flows a year
one_sided,Saturate,,"the probe's one-sided market rule (docs/probe/RULES.md §3)"
step_log,0.01,Dimensionless,"a step when a param has moved this much in log since the last one, or at a ramp's end (docs/demo/WORLD.md §4.3)"
max_step,0.03,Dimensionless,"the most one date may move the oracle's relative prices and technique, in log (WORLD.md §4.4; O14: gradual, never abrupt)"
ledger.rel_flow,1e-12,Dimensionless,"July REL_FLOW, as the gate world and tapes/appb.ron"
ledger.rel_stock,1e-11,Dimensionless,"July REL_STOCK, as the gate world and tapes/appb.ron"
price.ema_tc,0.5,Years,the gate world's value; no rule reads the EMA
rate.labour,5.2,RatePerYear,"design-analytic-first C2, registered 2026-09-26 (docs/probe/RULES.md §3): the wage is the fastest price"
rate.land,1.3,RatePerYear,"design-analytic-first C2, registered 2026-09-26 (docs/probe/RULES.md §3)"
rate.mach,1.3,RatePerYear,"design-analytic-first C2, registered 2026-09-26 (docs/probe/RULES.md §3)"
rate.good,2.6,RatePerYear,"design-analytic-first C2, registered 2026-09-26 (docs/probe/RULES.md §3)"
adjust.technique,2.6,RatePerYear,"design-analytic-first C2, registered 2026-09-26 (docs/probe/RULES.md §3)"
spend.workers,13,RatePerYear,"design-analytic-first C2, registered 2026-09-26 (docs/probe/RULES.md §3)"
spend.provider,13,RatePerYear,"design-analytic-first C2, registered 2026-09-26 (docs/probe/RULES.md §3)"
buffer.desk.good.cash,5.2,RatePerYear,"design-analytic-first C2, registered 2026-09-26 (docs/probe/RULES.md §3)"
buffer.desk.mach.cash,5.2,RatePerYear,"design-analytic-first C2, registered 2026-09-26 (docs/probe/RULES.md §3)"
tilt.desk.good,0,Dimensionless,"judges' graft from design-reservation: the markup tilt, registered at 0 (docs/probe/RULES.md §5)"
tilt.desk.mach,0,Dimensionless,"judges' graft from design-reservation: the markup tilt, registered at 0 (docs/probe/RULES.md §5)"
