step,inst,set,setting,runs,mirror,engine,ttol_median_mirror,ttol_median_engine,ttol_max_mirror,ttol_max_engine,dead_max_mirror,dead_max_engine,baskets_low_mirror,baskets_low_engine,pooled_runs_mirror,pooled_runs_engine
E7,is1,basin,-,516,"{""CONVERGED"": 516}","{""CONVERGED"": 516}",572.0,572.0,1012.0,1012,250.0,250,0.0,0.0,405,405
E3,is1,L,-,109,"{""CONVERGED"": 109}","{""CONVERGED"": 109}",445.0,445,734.0,734,117.0,117,0.0018828891147388105,0.001882889,55,55
E7,is1,hold,-,68,"{""CONVERGED"": 68}","{""CONVERGED"": 68}",369.0,369.0,575.0,575,8.0,8,0.32995835955000186,0.3299584,21,21
E7,is1,joint2,-,60,"{""CONVERGED"": 60}","{""CONVERGED"": 60}",581.5,581.5,734.0,734,145.0,145,0.032456973581114636,0.03245697,57,57
E7,is1,joint4,-,40,"{""CONVERGED"": 40}","{""CONVERGED"": 40}",665.5,665.5,853.0,853,204.0,204,0.0,0.0,40,40
E7,is1,nbhd,adjust.*=0.75,41,"{""CONVERGED"": 41}","{""CONVERGED"": 41}",561.0,561,734.0,734,117.0,117,0.0,0.0,34,34
E7,is1,nbhd,adjust.*=0.9,41,"{""CONVERGED"": 41}","{""CONVERGED"": 41}",561.0,561,734.0,734,117.0,117,0.0,0.0,34,34
E7,is1,nbhd,adjust.*=1.1,41,"{""CONVERGED"": 41}","{""CONVERGED"": 41}",561.0,561,734.0,734,117.0,117,0.004359591378477082,0.004359591,34,34
E7,is1,nbhd,adjust.*=1.25,41,"{""CONVERGED"": 41}","{""CONVERGED"": 41}",561.0,561,734.0,734,117.0,117,0.007979027096292701,0.007979027,34,34
E7,is1,nbhd,buffer.*=0.75,41,"{""CONVERGED"": 41}","{""CONVERGED"": 41}",560.0,560,712.0,712,112.0,112,0.0,0.0,34,34
E7,is1,nbhd,buffer.*=0.9,41,"{""CONVERGED"": 41}","{""CONVERGED"": 41}",567.0,567,734.0,734,115.0,115,0.0,0.0,34,34
E7,is1,nbhd,buffer.*=1.1,41,"{""CONVERGED"": 41}","{""CONVERGED"": 41}",557.0,557,729.0,729,119.0,119,0.0039272982977233495,0.003927298,34,34
E7,is1,nbhd,buffer.*=1.25,41,"{""CONVERGED"": 41}","{""CONVERGED"": 41}",550.0,550,721.0,721,122.0,122,0.006859003193411206,0.006859003,35,35
E7,is1,nbhd,rate.*=0.75,41,"{""CONVERGED"": 41}","{""CONVERGED"": 41}",748.0,748,986.0,986,170.0,170,0.0,0.0,35,35
E7,is1,nbhd,rate.*=0.9,41,"{""CONVERGED"": 41}","{""CONVERGED"": 41}",614.0,614,807.0,807,134.0,134,0.0,0.0,34,34
E7,is1,nbhd,rate.*=1.1,41,"{""CONVERGED"": 41}","{""CONVERGED"": 41}",515.0,515,652.0,652,104.0,104,0.014411955598928425,0.01441196,34,34
E7,is1,nbhd,rate.*=1.25,41,"{""CONVERGED"": 41}","{""CONVERGED"": 41}",446.0,446,566.0,566,89.0,89,0.025296035299788595,0.02529604,34,34
E7,is1,nbhd,tilt.*=0.05,41,"{""CONVERGED"": 41}","{""CONVERGED"": 41}",556.0,556,731.0,731,117.0,117,0.025839657667160867,0.02583966,34,34
E7,is1,nbhd,tilt.*=0.1,41,"{""CONVERGED"": 41}","{""CONVERGED"": 41}",550.0,550,725.0,725,116.0,116,0.025791224204862795,0.02579122,34,34
E7,is1,nbhd,tilt.*=0.25,41,"{""CONVERGED"": 41}","{""CONVERGED"": 41}",528.0,528,699.0,699,113.0,113,0.025639411979402074,0.02563941,34,34
E7,is1,nbhd,tilt.*=0.5,41,"{""CONVERGED"": 41}","{""CONVERGED"": 41}",497.0,497,685.0,685,108.0,108,0.0253626532826593,0.02536265,34,34
E7,is1,nbhd,tilt.*=1,41,"{""CONVERGED"": 41}","{""CONVERGED"": 41}",461.0,461,667.0,667,97.0,97,0.02472264156803217,0.02472264,34,34
E7,is1,stocks,-,31,"{""CONVERGED"": 31}","{""CONVERGED"": 31}",457.0,457,635.0,635,84.0,84,0.0,0.0,13,13
E7,is1,swrate,rate.switch.*=0.75,41,"{""CONVERGED"": 41}","{""CONVERGED"": 41}",562.0,562,733.0,733,118.0,118,0.00013221908064127988,0.0001322191,34,34
E7,is1,swrate,rate.switch.*=0.9,41,"{""CONVERGED"": 41}","{""CONVERGED"": 41}",561.0,561,736.0,736,118.0,118,0.0011836624457335727,0.001183662,34,34
E7,is1,swrate,rate.switch.*=1.1,41,"{""CONVERGED"": 41}","{""CONVERGED"": 41}",562.0,562,730.0,730,117.0,117,0.0025807303157067978,0.00258073,34,34
E7,is1,swrate,rate.switch.*=1.25,41,"{""CONVERGED"": 41}","{""CONVERGED"": 41}",562.0,562,726.0,726,117.0,117,0.003624899963699878,0.0036249,34,34
E3,is1,10L,-,61,"{""CONVERGED"": 61}","{""CONVERGED"": 61}",538.0,538,734.0,734,117.0,117,0.0018828891147388105,0.001882889,40,40
E3,is1,tier3s,-,20,"{""CONVERGED"": 20}","{""CONVERGED"": 20}",404.0,404.0,558.0,558,8.0,8,0.28571428571428586,0.2857143,6,6
E7,is1,tpy12,-,68,"{""CONVERGED"": 68}","{""CONVERGED"": 68}",118.5,118.5,187.0,187,1.0,1,0.40147573494752087,0.4014757,21,21
E7,is1,tpy365,-,68,"{""CONVERGED"": 68}","{""CONVERGED"": 68}",2566.5,2566.5,3949.0,3949,56.0,56,0.2814132620085951,0.2814133,19,19
E8,is2,L,-,109,"{""CONVERGED"": 109}","{""CONVERGED"": 109}",453.0,453,677.0,677,114.0,114,0.0,0.0,109,109
E8,is2,hold,-,68,"{""CONVERGED"": 68}","{""CONVERGED"": 68}",382.5,382.5,574.0,574,13.0,13,0.318707946785016,0.3187079,68,68
E8,is2,nbhd,adjust.*=0.75,41,"{""CONVERGED"": 41}","{""CONVERGED"": 41}",556.0,556,677.0,677,114.0,114,0.0,0.0,41,41
E8,is2,nbhd,adjust.*=0.9,41,"{""CONVERGED"": 41}","{""CONVERGED"": 41}",556.0,556,677.0,677,114.0,114,0.0,0.0,41,41
E8,is2,nbhd,adjust.*=1.1,41,"{""CONVERGED"": 41}","{""CONVERGED"": 41}",556.0,556,677.0,677,114.0,114,0.0,0.0,41,41
E8,is2,nbhd,adjust.*=1.25,41,"{""CONVERGED"": 41}","{""CONVERGED"": 41}",556.0,556,677.0,677,114.0,114,0.0,0.0,41,41
E8,is2,nbhd,buffer.*=0.75,41,"{""CONVERGED"": 41}","{""CONVERGED"": 41}",536.0,536,683.0,683,108.0,108,0.0,0.0,41,41
E8,is2,nbhd,buffer.*=0.9,41,"{""CONVERGED"": 41}","{""CONVERGED"": 41}",551.0,551,677.0,677,111.0,111,0.0,0.0,41,41
E8,is2,nbhd,buffer.*=1.1,41,"{""CONVERGED"": 41}","{""CONVERGED"": 41}",550.0,550,677.0,677,116.0,116,0.0,0.0,41,41
E8,is2,nbhd,buffer.*=1.25,41,"{""CONVERGED"": 41}","{""CONVERGED"": 41}",540.0,540,676.0,676,118.0,118,0.0,0.0,41,41
E8,is2,nbhd,rate.*=0.75,41,"{""CONVERGED"": 41}","{""CONVERGED"": 41}",706.0,706,913.0,913,164.0,164,0.0,0.0,41,41
E8,is2,nbhd,rate.*=0.9,41,"{""CONVERGED"": 41}","{""CONVERGED"": 41}",606.0,606,761.0,761,130.0,130,0.0,0.0,41,41
E8,is2,nbhd,rate.*=1.1,41,"{""CONVERGED"": 41}","{""CONVERGED"": 41}",485.0,485,613.0,613,101.0,101,0.0,0.0,41,41
E8,is2,nbhd,rate.*=1.25,41,"{""CONVERGED"": 41}","{""CONVERGED"": 41}",440.0,440,566.0,566,87.0,87,0.0,0.0,41,41
E8,is2,nbhd,tilt.*=0.05,41,"{""CONVERGED"": 41}","{""CONVERGED"": 41}",531.0,531,674.0,674,113.0,113,0.0,0.0,41,41
E8,is2,nbhd,tilt.*=0.1,41,"{""CONVERGED"": 41}","{""CONVERGED"": 41}",509.0,509,671.0,671,112.0,112,0.0,0.0,41,41
E8,is2,nbhd,tilt.*=0.25,41,"{""CONVERGED"": 41}","{""CONVERGED"": 41}",494.0,494,664.0,664,109.0,109,0.015350557768576328,0.01535056,41,41
E8,is2,nbhd,tilt.*=0.5,41,"{""CONVERGED"": 41}","{""CONVERGED"": 41}",480.0,480,646.0,646,103.0,103,0.015017060401965892,0.01501706,41,41
E8,is2,nbhd,tilt.*=1,41,"{""CONVERGED"": 41}","{""CONVERGED"": 41}",453.0,453,619.0,619,92.0,92,0.005112576265839594,0.005112576,41,41
E8,is2,10L,-,61,"{""CONVERGED"": 61}","{""CONVERGED"": 61}",509.0,509,677.0,677,114.0,114,0.0,0.0,61,61
E8,is2,tier3s,-,20,"{""CONVERGED"": 20}","{""CONVERGED"": 20}",406.5,406.5,557.0,557,10.0,10,0.285714285714286,0.2857143,20,20
E8,is2,tpy12,-,68,"{""CONVERGED"": 68}","{""CONVERGED"": 68}",135.5,135.5,186.0,186,4.0,4,0.4167063352890342,0.4167063,68,68
E8,is2,tpy365,-,68,"{""CONVERGED"": 68}","{""CONVERGED"": 68}",2642.0,2642.0,3768.0,3768,82.0,82,0.26409234522470204,0.2640923,68,68
