set,run,class,d0,in_tol_from,dead,peak_dhat_ex_horse,low_baskets,transfer_short,depth_eq,depth_trough_y0,heads_low,heads_high,in_5pct_from,paper_ticks,quasi_3,quasi_1_over_delta,no_order_ticks,idle_ticks,pk_low,finished_high,utilisation_low,hour_over_o_low,max_W,last,stop,why
neg/ii-f2,hold,ORBITING,0,-,0,586.15,0.92707,0,-,-,1,1.063,257468,1,1.3323e-15,4.0412e-14,0,0,0.66918,2.0072,0.92115,1.4752,586.15,163.52,ran,
neg/ii-f2,w*1.05,ORBITING,48.79,-,0,586.15,0.92707,0,-,-,0.99968,1.063,257877,1,-9.8324e-06,0.002174,0,0,0.66918,2.0071,0.92115,1.4752,586.14,365.96,ran,
neg/ii-h2,hold,ORBITING,0,-,0,692.74,0.90884,0,-,-,0.99838,1.1045,74797,1,2.2204e-16,-2.8866e-15,0,0,0.62959,2.2419,0.89117,1.44,690.01,687.3,ran,
neg/ii-h2,w*1.05,ORBITING,48.79,-,0,694.59,0.90833,0,-,-,0.99863,1.1048,-,1,-9.7446e-06,0.0034014,0,0,0.62973,2.2421,0.89055,1.4399,689.49,197.91,ran,
neg/ii-h4,hold,CONVERGED,0,0,0,6.3283e-12,1,0,-,-,1,1,0,1,2.2204e-16,2.2204e-15,0,0,1,1,1,1.5256,6.3283e-12,6.3283e-12,ran,
neg/ii-h4,w*1.05,ORBITING,48.79,-,0,657.11,0.91487,0,-,-,0.99852,1.0912,74672,1,-9.7745e-06,0.0044412,0,0,0.64282,2.19,0.89984,1.4526,657.11,297.11,ran,
neg/iii-h1-12,w*1.000000001,DIVERGED,1e-06,-,0,919.74,0.69762,0,-,-,0.97828,1.2057,-,1,1.3593e-10,1.7823e-10,0,0,0.76436,1.5387,0.5595,2.353,912.03,704.99,ran,the envelope grows: E4 > E3 > E2
neg/iii-h1-24,w*1.000000001,VACUOUS,1e-06,0,0,1.156e-06,1,0,-,-,1,1,0,1,9.3082e-11,1.5598e-11,0,0,1,1,1,3.0512,3.2196e-11,3.2196e-11,ran,
neg/iii-h2-12,w*1.000000001,DEAD,1e-06,-,5171,3147.4,0.45752,1955.9,-,-,0.75914,1.5725,-,1,1.5325e-10,1.2558e-09,340,4761,0.29121,4.096,0.26593,0.65541,inf,1206.6,ran,
neg/iii-h2-24,w*1.000000001,VACUOUS,1e-06,0,0,0.10866,0.99998,0,-,-,1,1,0,1,1.0703e-10,1.5955e-11,0,0,0.99993,1.0001,0.99997,1.5256,0.10866,0.058833,ran,
neg/iii-h3-12,w*1.000000001,VACUOUS,1e-06,-,0,927.07,0.69666,0,-,-,0.97881,1.205,-,1,1.3588e-10,-9.4453e-11,0,0,0.76257,1.5396,0.55832,2.3518,927.07,664.2,ran,
neg/iii-h3-24,w*1.000000001,VACUOUS,1e-06,0,0,1.156e-06,1,0,-,-,1,1,0,1,9.3069e-11,1.4167e-11,0,0,1,1,1,3.0512,4.4631e-11,4.4631e-11,ran,
neg/iii-h4-12,w*1.000000001,DEAD,1e-06,-,5191,3183,0.45994,2055.8,-,-,0.77892,1.5512,-,1,1.5312e-10,-1.0275e-08,347,4731,0.24905,4.2832,0.26435,0.64385,inf,1444.4,ran,
neg/iii-h4-24,w*1.000000001,VACUOUS,1e-06,0,0,0.0098458,1,0,-,-,1,1,0,1,1.0699e-10,1.4002e-11,0,0,0.99999,1,1,1.5256,0.0098458,0.0066124,ran,
neg/iv-h1,hold,DIVERGED,0,-,1348,12193,0.0685,3063.2,-,-,0.51815,1.0043,-,1,8.8818e-16,-1.4036e-11,0,1122,5.0673e-06,11.384,0.00049377,0.5963,NaN,12193,runaway,the price of horse left the runaway bound at tick 3535: 9.107407563811111e-7 of genesis
neg/iv-h1,b*2@genesis,DIVERGED,693.15,-,1803,12423,0.1825,6725.1,-0.12766,-1.8287,0.47928,1.3831,-,160.21,-0.028472,-0.47973,0,1544,4.0262e-06,7.0652,0.0001125,0.41604,NaN,12423,runaway,the price of horse left the runaway bound at tick 2039: 9.711602035443233e-7 of genesis
neg/iv-h2,hold,DIVERGED,0,-,1511,12273,0.089199,4224.2,-,-,0.47216,1.0137,-,1,4.4409e-16,-2.2696e-12,0,1407,8.7176e-06,11.224,0.0022562,0.48523,NaN,11650,runaway,the price of horse left the runaway bound at tick 4256: 9.80618030484483e-7 of genesis
neg/iv-h2,b*2@genesis,DIVERGED,693.15,-,1719,12327,0.13987,7588.1,-0.12766,-2.0947,0.48366,1.3835,-,160.21,-0.044434,-0.13198,0,1535,4.8105e-06,11.674,6.9749e-06,0.44458,NaN,12245,runaway,the price of horse left the runaway bound at tick 1979: 9.83040587278572e-7 of genesis
neg/iv-h3,hold,DIVERGED,0,-,1473,12073,0.085649,3520.1,-,-,0.57685,1.0027,-,1,2.2204e-15,-9.8519e-10,0,1354,5.7089e-06,10.797,0.002648,0.53243,NaN,12073,runaway,the price of horse left the runaway bound at tick 3411: 9.358401705176815e-7 of genesis
neg/iv-h3,b*2@genesis,DIVERGED,693.15,-,1931,12492,0.15412,7266.4,-0.12766,-1.9977,0.55228,1.3832,-,202.44,-0.028479,1.6757,0,1661,3.7574e-06,8.852,1.1532e-05,0.31982,NaN,12492,runaway,the price of horse left the runaway bound at tick 2260: 9.287452263057089e-7 of genesis
neg/iv-h4,hold,DIVERGED,0,-,1316,12052,0.070153,3774.3,-,-,0.61074,1.0072,-,1,1.5543e-15,-5.0647e-11,0,1106,5.8315e-06,15.838,4.3035e-05,0.51726,NaN,12052,runaway,the price of horse left the runaway bound at tick 3590: 9.976478215900462e-7 of genesis
neg/iv-h4,b*2@genesis,DIVERGED,693.15,-,2873,19337,0.025596,10511,-0.12766,-3.793,0.45121,1.3835,-,202.44,-0.044434,1.0303,0,2539,9.2877e-06,20.48,1.9633e-05,0.49994,NaN,19337,runaway,the price of horse left the runaway bound at tick 3180: 9.464845348723036e-7 of genesis
neg/v-f1,hold,CONVERGED,0,0,0,5.651e-11,1,0,-,-,1,1,0,1,1.7319e-14,1.3323e-14,0,0,1,1,1,3.0512,1.7986e-11,1.7986e-11,ran,
neg/v-f1,heads.capacity*2,CONVERGED,inf,12226,525,7906.2,0.82361,0,-,-,0.74594,1.7,5817,1,0.11809,-0.31093,202,986,0.50792,1.9951,0.58824,0.9249,3.0642e-11,3.0642e-11,ran,
neg/v-f1,b*2@genesis,CONVERGED,693.15,9383,12,3361.5,0.6596,0,-0.12766,-0.54378,0.94662,1.3834,1958,413.5,-0.042035,-0.02233,3,290,0.28026,1.0508,0.4392,0.8379,2.3981e-10,2.3981e-10,ran,
neg/v-f1,b*0.5@genesis,CONVERGED,775.4,10605,0,1489,0.75161,0,0.095053,-0.19049,0.79473,1.377,3737,1,-0.0081869,0.48154,0,156,0.99508,1.9052,0.84882,2.6711,1.6542e-10,1.6542e-10,ran,
neg/v-f1,finished.maker*2,CONVERGED,318.91,2003,0,224.76,0.98461,0,-,-,0.99979,1.0008,0,1,0.11033,0.00069743,0,0,0.7987,2,0.98091,2.9805,3.0642e-11,3.0642e-11,ran,
neg/v-f2,hold,CONVERGED,0,0,0,1.5632e-10,1,0,-,-,1,1,0,1,9.3259e-15,6.4393e-15,0,0,1,1,1,1.5256,1.088e-11,1.088e-11,ran,
neg/v-f2,heads.capacity*2,CONVERGED,inf,12583,0,31331,0.71804,0,-,-,0.6823,1.7,6056,1,0.01695,-0.38343,465,2077,0.017784,6.0957,0.55764,0.89003,2.0894e-10,2.0894e-10,ran,
neg/v-f2,b*2@genesis,CONVERGED,693.15,10131,7,9403,0.63565,0,-0.12766,-0.58076,0.88576,1.3835,4000,413.5,-0.039316,-0.020873,154,559,0.0090824,2.8805,0.42282,0.79542,2.3981e-10,2.3981e-10,ran,
neg/v-f2,b*0.5@genesis,CONVERGED,775.4,11329,0,2415.9,0.70836,0,0.095053,-0.24975,0.79464,2.0161,4866,1,0.061983,0.7551,0,986,0.80318,3.3979,0.88498,1.0619,1.632e-10,1.632e-10,ran,
neg/v-f2,finished.maker*2,CONVERGED,311.91,5641,0,311.91,0.94687,0,-,-,0.99531,1.012,0,1,0.056319,0.0078928,0,0,0.73205,2,0.93511,1.4375,2.0894e-10,2.0894e-10,ran,
neg/v-h1,hold,CONVERGED,0,0,0,1.1324e-11,1,0,-,-,1,1,0,1,1.9984e-15,7.5495e-15,0,0,1,1,1,3.0512,1.2212e-11,1.2212e-11,ran,
neg/v-h1,heads.capacity*2,CONVERGED,inf,5080,0,1809.8,0.86185,0,-,-,0.80775,1.7,2733,1,0.1182,-0.23306,3,343,0.52109,1.9597,0.58824,1.0555,5.0182e-11,5.0182e-11,ran,
neg/v-h1,b*2@genesis,CONVERGED,693.15,4592,12,3059.1,0.65872,0,-0.12766,-0.54511,0.88381,1.3831,1489,160.21,-0.041991,-0.059193,0,157,0.36381,1.0742,0.44425,0.85935,4.9072e-11,4.9072e-11,ran,
neg/v-h1,b*0.5@genesis,CONVERGED,775.4,4418,0,1434.9,0.74039,0,0.095053,-0.20553,0.79488,1.3917,1972,1,-0.0080585,0.41913,0,31,0.99994,1.8237,0.84856,2.9001,9.2815e-11,9.2815e-11,ran,
neg/v-h1,finished.maker*2,CONVERGED,316.34,1612,0,227.84,0.98461,0,-,-,0.99928,1.002,0,1,0.11057,0.0007763,0,0,0.79625,2,0.98091,2.9769,5.0182e-11,5.0182e-11,ran,
neg/v-h2,hold,CONVERGED,0,0,0,3.4972e-11,1,0,-,-,1,1,0,1,1.3323e-15,-3.4417e-15,0,0,1,1,1,1.5256,1.4988e-11,1.4988e-11,ran,
neg/v-h2,heads.capacity*2,CONVERGED,inf,4704,0,10521,0.75807,0,-,-,0.71174,1.7,2345,1,0.01695,-0.27103,135,718,0.029045,5.8375,0.55764,0.96229,5.0182e-11,5.0182e-11,ran,
neg/v-h2,b*2@genesis,CONVERGED,693.15,4196,7,7298.5,0.63475,0,-0.12766,-0.58218,0.81938,1.3835,2030,160.21,-0.039318,-0.014919,51,278,0.012673,2.7954,0.42652,0.7969,1.3478e-10,4.9072e-11,ran,
neg/v-h2,b*0.5@genesis,CONVERGED,775.4,4253,0,2279.1,0.72515,0,0.095053,-0.22633,0.79464,1.7904,1794,1,0.062049,0.54752,0,135,0.91088,2.7512,0.87819,1.2934,3.9413e-11,3.9413e-11,ran,
neg/v-h2,finished.maker*2,CONVERGED,316.27,2543,0,316.27,0.94039,0,-,-,0.9884,1.0196,0,1,0.056376,0.0091583,0,0,0.72886,2,0.93136,1.4376,5.0182e-11,5.0182e-11,ran,
neg/v-h3,hold,CONVERGED,0,0,0,4.4409e-13,1,0,-,-,1,1,0,1,0,0,0,0,1,1,1,3.0512,6.6613e-13,6.6613e-13,ran,
neg/v-h3,heads.capacity*2,CONVERGED,inf,6330,0,2121,0.8495,0,-,-,0.78875,1.7,3336,1,0.11816,-0.23648,3,431,0.51642,1.9715,0.58824,1.0085,1.2212e-10,1.2212e-10,ran,
neg/v-h3,b*2@genesis,CONVERGED,693.15,5449,12,3167.1,0.65902,0,-0.12766,-0.54466,0.90057,1.3832,1690,202.44,-0.042006,-0.05227,0,174,0.33046,1.073,0.44252,0.85019,5.429e-11,5.3957e-11,ran,
neg/v-h3,b*0.5@genesis,CONVERGED,775.4,5426,0,1445.9,0.7441,0,0.095053,-0.20053,0.79483,1.3872,2264,1,-0.0081029,0.42233,0,36,0.99968,1.8391,0.84865,2.8398,9.4591e-11,9.4591e-11,ran,
neg/v-h3,finished.maker*2,CONVERGED,317.21,1734,0,226.81,0.98463,0,-,-,0.99947,1.0016,0,1,0.11049,0.00077661,0,0,0.79707,2,0.98091,2.9781,3.5305e-11,3.5305e-11,ran,
neg/v-h4,hold,CONVERGED,0,0,0,2.8866e-12,1,0,-,-,1,1,0,1,2.2204e-16,-3.3307e-16,0,0,1,1,1,1.5256,1.9984e-12,1.9984e-12,ran,
neg/v-h4,heads.capacity*2,CONVERGED,inf,6009,0,14153,0.74539,0,-,-,0.69891,1.7,2865,1,0.01695,-0.26533,188,953,0.0252,5.927,0.55764,0.94736,3.5527e-11,3.5527e-11,ran,
neg/v-h4,b*2@genesis,CONVERGED,693.15,5224,7,7535.6,0.63506,0,-0.12766,-0.58169,0.83916,1.3835,2422,202.44,-0.039317,-0.0063114,66,324,0.011393,2.8183,0.42526,0.7964,5.7399e-11,5.7399e-11,ran,
neg/v-h4,b*0.5@genesis,CONVERGED,775.4,5399,0,2292.6,0.72307,0,0.095053,-0.2292,0.79464,1.8297,2168,1,0.062027,0.57921,0,184,0.88934,2.868,0.88051,1.2514,9.4591e-11,9.4591e-11,ran,
neg/v-h4,finished.maker*2,CONVERGED,314.81,3114,0,314.81,0.94279,0,-,-,0.99066,1.0175,0,1,0.056357,0.008868,0,0,0.72992,2,0.93276,1.4375,3.5527e-11,3.5527e-11,ran,
