inst,tpy,target,kick,g_tick,g_year,mirror_PL_year
h1,52,hold,PASS,0.997791,0.891367,0.9097
h1,52,b*1.1@dated,PASS,0.997828,0.893081,0.9101
h1,52,b*0.9@dated,PASS,0.997765,0.890168,0.9092
h1,52,b*2@dated,PASS,0.99799,0.900651,0.9111
h1,52,b*0.5@dated,PASS,0.997457,0.87601,0.9044
h2,52,hold,PASS,0.996758,0.844625,0.8952
h2,52,b*1.1@dated,PASS,0.996791,0.846093,0.8955
h2,52,b*0.9@dated,PASS,0.996657,0.840209,0.8949
h2,52,b*2@dated,PASS,0.99697,0.854028,0.8964
h2,52,b*0.5@dated,PASS,0.996726,0.84323,0.8944
h3,52,hold,PASS,0.998229,0.911965,0.9287
h3,52,b*1.1@dated,PASS,0.998235,0.912228,0.9289
h3,52,b*0.9@dated,PASS,0.998234,0.912171,0.9284
h3,52,b*2@dated,PASS,0.998256,0.913234,0.93
h3,52,b*0.5@dated,PASS,0.998097,0.905703,0.9247
h4,52,hold,PASS,0.997485,0.877247,0.9162
h4,52,b*1.1@dated,PASS,0.997513,0.878548,0.9168
h4,52,b*0.9@dated,PASS,0.997467,0.876465,0.9159
h4,52,b*2@dated,PASS,0.997597,0.882426,0.9171
h4,52,b*0.5@dated,PASS,0.997178,0.863326,0.9136
f1,52,hold,PASS,0.998921,0.945395,0.985
f1,52,b*1.1@dated,PASS,0.998905,0.944616,0.9844
f1,52,b*0.9@dated,PASS,0.998927,0.9457,0.9856
f1,52,b*2@dated,PASS,0.998911,0.944919,0.9805
f1,52,b*0.5@dated,PASS,0.998909,0.944812,0.9879
f2,52,hold,PASS,0.998639,0.931608,0.9821
f2,52,b*1.1@dated,PASS,0.998639,0.931626,0.9811
f2,52,b*0.9@dated,PASS,0.998628,0.931073,0.9832
f2,52,b*2@dated,PASS,0.998615,0.930452,0.9777
f2,52,b*0.5@dated,PASS,0.998373,0.918799,0.9917
f3,52,hold,PASS,0.997368,0.871917,0.9047
f3,52,b*1.1@dated,PASS,0.997291,0.868424,0.9051
f3,52,b*0.9@dated,PASS,0.997224,0.865392,0.9043
f3,52,b*2@dated,PASS,0.99757,0.881166,0.9062
f3,52,b*0.5@dated,PASS,0.997116,0.860533,0.901
f4,52,hold,PASS,0.99749,0.877508,0.9237
f4,52,b*1.1@dated,PASS,0.997687,0.886532,0.9248
f4,52,b*0.9@dated,PASS,0.997553,0.880364,0.9233
f4,52,b*2@dated,PASS,0.997939,0.898294,0.9274
f4,52,b*0.5@dated,PASS,0.997429,0.874725,0.92
f5,52,hold,PASS,0.997315,0.869517,0.9208
f5,52,b*1.1@dated,PASS,0.99712,0.860723,0.9209
f5,52,b*0.9@dated,PASS,0.997185,0.863634,0.9208
f5,52,b*0.5@dated,PASS,0.997283,0.868056,0.9219
f6,52,hold,PASS,0.996922,0.851903,0.9011
f6,52,b*1.1@dated,PASS,0.996851,0.848744,0.9012
f6,52,b*0.9@dated,PASS,0.996785,0.845828,0.9011
f6,52,b*0.5@dated,PASS,0.996846,0.848497,0.9012
f7,52,hold,PASS,0.997848,0.894036,0.9104
f7,52,b*1.1@dated,PASS,0.997878,0.895408,
f7,52,b*0.9@dated,PASS,0.997827,0.893033,
f7,52,b*2@dated,PASS,0.997933,0.897971,0.9118
f7,52,b*0.5@dated,PASS,0.997555,0.880484,0.9047
f8,52,hold,PASS,0.997127,0.861027,0.8957
f8,52,b*1.1@dated,PASS,0.997155,0.862283,
f8,52,b*0.9@dated,PASS,0.997126,0.860994,
f8,52,b*2@dated,PASS,0.99745,0.875645,0.8972
f8,52,b*0.5@dated,PASS,0.996487,0.832763,0.8939
f9,52,hold,PASS,0.99825,0.912961,0.9299
f9,52,b*1.1@dated,PASS,0.998279,0.914304,
f9,52,b*0.9@dated,PASS,0.998256,0.913248,
f9,52,b*2@dated,PASS,0.998279,0.914302,0.9316
f9,52,b*0.5@dated,PASS,0.998073,0.904563,0.925
f10,52,hold,PASS,0.997707,0.887465,0.9211
f10,52,b*1.1@dated,PASS,0.997736,0.888829,
f10,52,b*0.9@dated,PASS,0.997671,0.885825,
f10,52,b*2@dated,PASS,0.997838,0.893573,0.9182
f10,52,b*0.5@dated,PASS,0.997338,0.870568,0.9166
h1,12,hold,FAIL,0.999622,0.995468,1.26
h1,24,hold,PASS,0.99519,0.890726,0.908
h1,52,hold,PASS,0.997791,0.891367,0.91
h1,365,hold,PASS,0.999754,0.914196,0.91
h2,12,hold,FAIL,,,2.11
h2,24,hold,FAIL,,,1.006
h2,52,hold,PASS,0.996758,0.844625,0.895
h2,365,hold,PASS,0.999602,0.864614,0.895
h3,12,hold,FAIL,,,1.26
h3,24,hold,PASS,0.995797,0.903848,0.928
h3,52,hold,PASS,0.998229,0.911965,0.929
h3,365,hold,PASS,0.999788,0.92547,0.929
h4,12,hold,FAIL,,,2.11
h4,24,hold,FAIL,,,0.996
h4,52,hold,PASS,0.997485,0.877247,0.916
h4,365,hold,PASS,0.999686,0.891841,0.922
