step,inst,set,setting,runs,mirror,engine,ttol_median_mirror,ttol_median_engine,ttol_max_mirror,ttol_max_engine,dead_max_mirror,dead_max_engine,zero_hours_engine,diverged_mirror,diverged_engine
E3,c2p,10L,-,43,"{""CONVERGED"": 41, ""VACUOUS"": 2}","{""CONVERGED"": 41, ""VACUOUS"": 2}",517,517,671,671,150,150,0,,
E3,c2p,tier3s10L,-,24,"{""CONVERGED"": 24}","{""CONVERGED"": 24}",358.0,358.0,528,528,56,56,0,,
E3,c1p,10L,-,43,"{""CONVERGED"": 43}","{""CONVERGED"": 43}",513,513,698,698,150,150,0,,
E3,c1p,tier3s10L,-,24,"{""CONVERGED"": 24}","{""CONVERGED"": 24}",374.0,374.0,528,528,59,59,0,,
E8,c2p,tpy365,-,72,"{""CONVERGED"": 68, ""VACUOUS"": 4}","{""CONVERGED"": 68, ""VACUOUS"": 4}",2186.5,2186.5,3225,3225,466,466,0,,
E8,c1p,tpy365,-,72,"{""CONVERGED"": 72}","{""CONVERGED"": 72}",2140.0,2140.0,3028,3028,514,514,0,,
E3,c2p,L,-,115,"{""CONVERGED"": 109, ""VACUOUS"": 6}","{""CONVERGED"": 109, ""VACUOUS"": 6}",387,387,671,671,150,150,0,,
E7,c2p,hold,-,115,"{""CONVERGED"": 109, ""VACUOUS"": 6}","{""CONVERGED"": 109, ""VACUOUS"": 6}",387,387,671,671,150,150,0,,
E7,c2p,tilt1,-,115,"{""CONVERGED"": 109, ""VACUOUS"": 6}","{""CONVERGED"": 109, ""VACUOUS"": 6}",340,340,809,809,400,400,0,,
E3,c2p,tier3s,-,24,"{""CONVERGED"": 24}","{""CONVERGED"": 24}",358.0,358.0,528,528,56,56,0,,
E4,c2p,stocks,-,41,"{""CONVERGED"": 41}","{""CONVERGED"": 41}",392,392,572,572,100,100,0,,
E5,c2p,joint2,-,60,"{""CONVERGED"": 60}","{""CONVERGED"": 60}",565.0,565.0,666,666,159,159,0,,
E4,c2p,pace,-,5,"{""CONVERGED"": 5}","{""CONVERGED"": 5}",505,505,558,558,97,97,0,,
E5,c2p,joint4,-,40,"{""CONVERGED"": 40}","{""CONVERGED"": 40}",634.0,634.0,870,870,265,265,0,,
E5,c2p,basin,-,430,"{""CONVERGED"": 430}","{""CONVERGED"": 430}",544.0,544.0,897,897,304,304,0,,
E9,c2p,enclose,-,4,"{""CONVERGED"": 4}","{""CONVERGED"": 4}",209.0,209.0,222,222,0,0,0,,
E7,c1p,tilt1,-,115,"{""CONVERGED"": 115}","{""CONVERGED"": 115}",341,341,740,740,325,325,0,,
E3,c1p,L,-,115,"{""CONVERGED"": 115}","{""CONVERGED"": 115}",359,359,698,698,150,150,0,,
E7,c1p,hold,-,115,"{""CONVERGED"": 115}","{""CONVERGED"": 115}",359,359,698,698,150,150,0,,
E3,c1p,tier3s,-,24,"{""CONVERGED"": 24}","{""CONVERGED"": 24}",374.0,374.0,528,528,59,59,0,,
E4,c1p,stocks,-,41,"{""CONVERGED"": 41}","{""CONVERGED"": 41}",393,393,567,567,99,99,0,,
E4,c1p,pace,-,5,"{""CONVERGED"": 5}","{""CONVERGED"": 5}",497,497,527,527,99,99,0,,
E5,c1p,joint2,-,60,"{""CONVERGED"": 60}","{""CONVERGED"": 60}",552.5,552.5,710,710,162,162,0,,
E5,c1p,joint4,-,40,"{""CONVERGED"": 40}","{""CONVERGED"": 40}",617.5,617.5,810,810,268,268,0,,
E5,c1p,basin,-,430,"{""CONVERGED"": 430}","{""CONVERGED"": 430}",541.0,541.0,856,856,314,314,0,,
E9,c1p,enclose,-,4,"{""CONVERGED"": 4}","{""CONVERGED"": 4}",226.0,226.0,226,226,0,0,0,,
E9,c1pn,L,-,115,"{""CONVERGED"": 109, ""VACUOUS"": 6}","{""CONVERGED"": 109, ""VACUOUS"": 6}",517,517,785,785,154,154,0,,
E8,c1p,tpy12,-,72,"{""CONVERGED"": 72}","{""CONVERGED"": 72}",907.5,907.5,1985,1985,22,22,0,,
E8,c2p,tpy12,-,72,"{""CONVERGED"": 68, ""VACUOUS"": 4}","{""CONVERGED"": 68, ""VACUOUS"": 4}",1155.0,1155.0,1572,1572,22,22,0,,
