inst,tpy,L,mirror_gap,engine_gap,engine_mode_a,engine_pace_gap_max,engine_pace_zero_hours,engine_regime_end
c1p,52,141000,2.4424906541753412e-15,2.442491e-15,PASS,2.220446e-16,0.0,Crowded
c1p,12,26000,2.1316282072802778e-14,3.619327e-14,PASS,2.220446e-16,0.0,Crowded
c1p,365,1113000,8.881784197001256e-16,5.107026e-15,PASS,2.220446e-16,0.0,Crowded
c2p,52,142000,4.440892098500627e-16,5.551115e-16,PASS,0.0,0.0,Commons
c2p,12,26000,1.8873791418627484e-14,2.2204460000000001e-16,PASS,0.0,0.0,Commons
c2p,365,1116000,1.554312234475218e-15,6.661338e-16,PASS,0.0,0.0,Commons
c1pn,52,141000,2.2204460492503136e-16,2.2204460000000001e-16,PASS,0.0,0.0,Commons
c1pn,12,26000,2.2204460492502885e-14,4.884981e-14,PASS,1.898481e-14,0.0,Commons
c1pn,365,1113000,3.33066907387547e-16,3.330669e-16,PASS,0.0,0.0,Commons
