inst,tier,runs,mirror,engine,ttol_median_mirror,ttol_median_engine,ttol_max_mirror,ttol_max_engine,peak_median_mirror,peak_median_engine,dead_max_mirror,dead_max_engine,baskets_low_mirror,baskets_low_engine,no_basket_ticks_mirror,no_basket_ticks_engine
c1p,Tier 1,30,"{""CONVERGED"": 30}","{""CONVERGED"": 30}",319,319,444,444,74.40913055733844,74.40913,0,0,0.6324342786533156,0.6324343,0,0
c1p,Tier 2,42,"{""CONVERGED"": 42}","{""CONVERGED"": 42}",369,369,545,545,309.53407560188975,309.5341,83,83,0.13100400580683613,0.131004,0,0
c1p,Tier 3,43,"{""CONVERGED"": 43}","{""CONVERGED"": 43}",515.5,515.5,698,698,1144.1418422203537,1144.142,150,150,0.0,0.0,10,10
c1p,Tier 3 at 10L,43,"{""CONVERGED"": 43}","{""CONVERGED"": 43}",515.5,515.5,698,698,1144.1418422203537,1144.142,150,150,0.0,0.0,10,10
c1p,Tier 3S,24,"{""CONVERGED"": 24}","{""CONVERGED"": 24}",374.0,374.0,528,528,693.1471805599451,693.1472,59,59,0.28571428571428564,0.2857143,0,0
c1p,Tier 3S at 10L,24,"{""CONVERGED"": 24}","{""CONVERGED"": 24}",374.0,374.0,528,528,693.1471805599451,693.1472,59,59,0.28571428571428564,0.2857143,0,0
c2p,Tier 1,30,"{""CONVERGED"": 30}","{""CONVERGED"": 30}",326,326,506,506,87.17788952951554,87.17789,0,0,0.6213335483657425,0.6213335,0,0
c2p,Tier 2,42,"{""CONVERGED"": 38, ""VACUOUS"": 4}","{""CONVERGED"": 38, ""VACUOUS"": 4}",387,387,545,545,315.3265246914262,315.3265,81,81,0.16075604381761505,0.160756,0,0
c2p,Tier 3,43,"{""CONVERGED"": 41, ""VACUOUS"": 2}","{""CONVERGED"": 41, ""VACUOUS"": 2}",524.5,524.5,671,671,1206.0223806640984,1206.0225,150,150,0.0,0.0,9,9
c2p,Tier 3 at 10L,43,"{""CONVERGED"": 41, ""VACUOUS"": 2}","{""CONVERGED"": 41, ""VACUOUS"": 2}",524.5,524.5,671,671,1206.0223806640984,1206.0225,150,150,0.0,0.0,9,9
c2p,Tier 3S,24,"{""CONVERGED"": 24}","{""CONVERGED"": 24}",358.0,358.0,528,528,678.431861196105,678.4318499999999,56,56,0.2857142857142857,0.2857143,0,0
c2p,Tier 3S at 10L,24,"{""CONVERGED"": 24}","{""CONVERGED"": 24}",358.0,358.0,528,528,678.431861196105,678.4318499999999,56,56,0.2857142857142857,0.2857143,0,0
