inst,run,scale,ticks,peak,m_ticks,m_peak,z_tick0,cls,ok
lb1,JB(2),L,22,1.18487,22,1.18488,0.862848,CONVERGED,True
lb1,N(0.5),L,238,1.86437,238,1.86437,0.443034,CONVERGED,True
lb1,coin.workers*2,L,82,1.18711,82,1.18711,0.443034,CONVERGED,True
lb1,heads.capacity*0.1,stocks,45,1.04753,45,1.04753,0.443034,CONVERGED,True
lb1,r*0.5,L,262,2.04563,262,2.04563,0.862848,CONVERGED,True
lb2,JB(2),L,24,1.21947,24,1.21947,0.893433,CONVERGED,True
lb2,N(0.5),L,250,1.95487,250,1.95487,0.459238,CONVERGED,True
lb2,coin.workers*2,L,98,1.24851,98,1.24851,0.459238,CONVERGED,True
lb2,heads.capacity*0.1,stocks,48,1.05416,48,1.05416,0.459238,CONVERGED,True
lb2,r*0.5,L,273,2.12744,273,2.12744,0.893433,CONVERGED,True
lb3,JB(2),L,18,1.11491,18,1.11491,0.801517,CONVERGED,True
lb3,N(0.5),L,219,1.68494,219,1.68494,0.410658,CONVERGED,True
lb3,coin.workers*2,L,28,1.03413,28,1.03413,0.410658,CONVERGED,True
lb3,heads.capacity*0.1,stocks,48,1.06978,48,1.06978,0.410658,CONVERGED,True
lb3,r*0.5,L,247,1.89301,247,1.893,0.801517,CONVERGED,True
lw1,JB(2),L,26,1.23192,26,1.23192,0.862848,CONVERGED,True
lw1,N(0.5),L,242,2.1001,242,2.1001,0.443034,CONVERGED,True
lw1,coin.workers*2,L,106,1.35005,106,1.35005,0.443034,CONVERGED,True
lw1,r*0.5,L,264,2.27871,264,2.27871,0.862848,CONVERGED,True
lw2,JB(2),L,29,1.28087,29,1.28087,0.893433,CONVERGED,True
lw2,N(0.5),L,256,2.15374,256,2.15374,0.459238,CONVERGED,True
lw2,coin.desk.good*0.02,stocks,8,1.01536,8,1.01536,0.459238,CONVERGED,True
lw2,coin.workers*2,L,120,1.39547,120,1.39547,0.459238,CONVERGED,True
lw2,r*0.5,L,279,2.34293,279,2.34293,0.893433,CONVERGED,True
lw3,JB(2),L,21,1.1378,21,1.1378,0.801517,CONVERGED,True
lw3,N(0.5),L,214,1.99977,214,1.99977,0.410658,CONVERGED,True
lw3,coin.workers*2,L,81,1.26143,81,1.26143,0.410658,CONVERGED,True
lw3,r*0.5,L,238,2.15496,238,2.15496,0.801517,CONVERGED,True
