inst,T1,T1_conv,reg_T1,T2,T2_conv,reg_T2,T3,T3_conv,reg_T3,T3S,T3S_conv,reg_T3S,stocks,stocks_conv,reg_stocks,modeA,verdict,T3_10L,T3S_10L
ln1,DEAD 20,0/20,DEAD 20,DEAD 24,0/24,DEAD 24,DEAD 14 DIVERGED 11,0/25,"DEAD 14, DIVERGED 11",DEAD 18 DIVERGED 4,0/22,"DEAD 18, DIVERGED 4",DEAD 15 DIVERGED 7,0/22,"DEAD 15, DIVERGED 7",CONVERGED PASS,NO-GO,,
ln2,CONVERGED 20,20/20,CONVERGED 20,CONVERGED 22 ORBITING 2,22/24,"CONVERGED 22, ORBITING 2",CONVERGED 9 ORBITING 16,9/25,"CONVERGED 9, ORBITING 16",CONVERGED 21 ORBITING 5,21/26,"CONVERGED 21, ORBITING 5",CONVERGED 14 ORBITING 12,14/26,"CONVERGED 14, ORBITING 12",CONVERGED PASS,NO-GO,,
ln3,DEAD 20,0/20,DEAD 20,DEAD 24,0/24,DEAD 24,DEAD 23 ORBITING 2,0/25,"DEAD 23, ORBITING 2 (b × 0.5 at genesis and dated)",DEAD 24,0/24,DEAD 24,DEAD 24,0/24,DEAD 24,CONVERGED PASS,NO-GO,,
ln4,CONVERGED 20,20/20,CONVERGED 20,CONVERGED 24,24/24,CONVERGED 24,CONVERGED 25,25/25,CONVERGED 25,CONVERGED 26,26/26,CONVERGED 26,CONVERGED 25 DIVERGED 1,25/26,"CONVERGED 25, DIVERGED 1 (the fodder desk's coin × 0.02)",CONVERGED PASS,GO,,
ln6,DEAD 20,0/20,DEAD 20,DEAD 24,0/24,DEAD 24,DEAD 25,0/25,DEAD 25,DEAD 28,0/28,DEAD 28,DEAD 28,0/28,DEAD 28 (mode A DEAD),DEAD FAIL: tick 5: vol.fodder is 2.4047521780583074e-9 from the oracle in log,NO-GO,,
ln7,DIVERGED 5 ORBITING 15,0/20,"ORBITING 15, DIVERGED 5",DIVERGED 8 ORBITING 16,0/24,"ORBITING 16, DIVERGED 8",DIVERGED 6 ORBITING 19,0/25,"ORBITING 21, DIVERGED 4",DIVERGED 6 ORBITING 16,0/22,"ORBITING 16, DIVERGED 6",DIVERGED 1 ORBITING 21,0/22,"ORBITING 20, DIVERGED 1, CONVERGED 1",CONVERGED PASS,NO-GO,,
ln8,CONVERGED 20,20/20,CONVERGED 20,CONVERGED 18 ORBITING 6,18/24,"CONVERGED 18, ORBITING 6",CONVERGED 14 ORBITING 11,14/25,"CONVERGED 14, ORBITING 11",CONVERGED 16 ORBITING 6,16/22,"CONVERGED 16, ORBITING 6",CONVERGED 17 ORBITING 5,17/22,"CONVERGED 17, ORBITING 5",CONVERGED PASS,NO-GO,,
ln9,CONVERGED 16 DEAD 4,16/20,"CONVERGED 16, DEAD 4",CONVERGED 8 DEAD 15 DIVERGED 1,8/24,"CONVERGED 8, DEAD 15, DIVERGED 1",CONVERGED 6 DEAD 9 DIVERGED 10,6/25,"CONVERGED 6, DEAD 9, DIVERGED 10",CONVERGED 10 DEAD 9 DIVERGED 3,10/22,"CONVERGED 10, DEAD 9, DIVERGED 3",CONVERGED 7 DEAD 8 DIVERGED 7,7/22,"CONVERGED 7, DEAD 8, DIVERGED 7",CONVERGED PASS,NO-GO,,
lf3,CONVERGED 20,20/20,CONVERGED 20,CONVERGED 24,24/24,CONVERGED 24,CONVERGED 24 DIVERGED 1,24/25,"CONVERGED 24, DIVERGED 1",CONVERGED 27 DIVERGED 1,27/28,"CONVERGED 27, DIVERGED 1",CONVERGED 25 DIVERGED 3,25/28,"CONVERGED 25, DIVERGED 3",CONVERGED PASS,NO-GO,CONVERGED 24 DIVERGED 1,CONVERGED 27 DIVERGED 1
lf6,CONVERGED 11 ORBITING 9,11/20,"CONVERGED 11, ORBITING 9",CONVERGED 4 ORBITING 20,4/24,"CONVERGED 4, ORBITING 20",CONVERGED 3 ORBITING 22,3/25,"CONVERGED 3, ORBITING 22",CONVERGED 5 ORBITING 23,5/28,"CONVERGED 5, ORBITING 23",CONVERGED 5 ORBITING 23,5/28,"CONVERGED 5, ORBITING 23",CONVERGED PASS,NO-GO,CONVERGED 3 ORBITING 22,CONVERGED 5 ORBITING 23
lw0,CONVERGED 18,18/18,CONVERGED 18,CONVERGED 22,22/22,CONVERGED 22,CONVERGED 15 DIVERGED 8,15/23,"CONVERGED 15, DIVERGED 8",CONVERGED 14 DIVERGED 2,14/16,"CONVERGED 14, DIVERGED 2",CONVERGED 12 DIVERGED 4,12/16,"CONVERGED 12, DIVERGED 4",CONVERGED PASS,NO-GO,CONVERGED 15 DIVERGED 8,CONVERGED 14 DIVERGED 2
