county,name,dead,idle_horse,zero_orders,withheld,shortfall_ticks,lowest_cleared_over_target,lowest_market,dhat_median,dhat_p90,dhat_max,prices_dhat_median,heads_dhat_median,heads_over_oracle_min,heads_over_oracle_max,heads_over_oracle_1901,capacity_over_desk_target_min,horse_price_over_target_max,maker_markup_min,quasi_rent_max,dhat_1901,flow_c2g_dhat_median,v1_dhat_median
county.abd,Aberdeenshire,0,0,0,0,0,0.8215,H,67.27,249.47,281.08,63.10,67.00,0.8678,1.0062,0.9559,0.9281,1.3246,0.9894,0.1088,54.85,20.43,10.77
county.agy,Anglesey,0,0,0,0,0,0.8220,H,120.40,221.45,283.69,102.10,109.12,0.8797,1.0722,1.0258,0.9265,1.3280,0.9974,0.1067,63.59,30.26,9.39
county.ans,Angus,0,0,0,0,0,0.8108,H,133.88,251.50,294.01,132.11,119.21,0.8748,1.0044,0.9475,0.9230,1.3418,0.9933,0.1140,63.76,36.45,12.63
county.ant,Antrim,0,0,0,0,0,0.7506,H,200.41,301.79,336.72,200.06,177.56,0.8189,1.0130,0.9446,0.9189,1.4003,0.9894,0.1260,94.71,60.90,16.19
county.arl,Argyllshire,0,0,0,0,0,0.8932,H,91.29,151.24,221.30,63.58,71.63,0.9279,1.0372,1.0214,0.9457,1.2477,0.9937,0.0781,48.01,13.76,6.34
county.arm,Armagh,0,0,0,0,3619,0.8020,H,142.96,229.96,258.73,127.94,140.30,0.8497,1.0438,1.0409,0.9477,1.2953,0.9969,0.0762,87.80,54.52,13.10
county.ayr,Ayrshire,0,0,0,0,0,0.7372,H,209.52,316.68,371.48,209.52,159.34,0.8157,1.0008,0.9244,0.9094,1.4499,0.9950,0.1466,100.15,48.36,15.38
county.ban,Banffshire,0,0,0,0,0,0.8543,H,56.31,195.91,239.57,43.24,55.89,0.9112,1.0176,0.9952,0.9337,1.2707,0.9875,0.0916,15.09,9.62,6.24
county.bdf,Bedfordshire,0,0,0,0,0,0.8004,H,102.46,240.65,290.73,97.54,87.92,0.8629,1.0123,0.9745,0.9238,1.3374,0.9867,0.1113,33.94,22.32,10.75
county.bew,Berwickshire,0,0,0,0,0,0.8875,H,80.72,146.22,210.31,61.81,69.47,0.9301,1.0315,1.0209,0.9444,1.2341,0.9977,0.0778,47.21,17.19,6.65
county.bkm,Buckinghamshire,0,0,0,0,0,0.8470,H,100.16,195.15,245.43,99.58,89.61,0.8993,1.0141,0.9872,0.9327,1.2782,0.9861,0.0940,20.33,18.85,8.78
county.bre,Brecknockshire,0,0,0,0,0,0.8302,H,113.55,222.58,258.07,103.74,102.31,0.8730,1.0285,1.0025,0.9323,1.2944,0.9969,0.1000,21.58,16.58,9.31
county.brk,Berkshire,0,0,0,0,0,0.8454,H,88.08,203.16,243.35,85.26,77.55,0.8976,1.0068,0.9681,0.9372,1.2755,0.9896,0.0915,41.96,22.22,9.26
county.but,Buteshire,0,0,0,0,0,0.8626,H,103.85,184.65,262.08,83.50,93.35,0.8967,1.0259,1.0026,0.9355,1.2996,0.9927,0.0906,20.27,17.94,9.33
county.cae,Caernarfonshire,0,0,0,0,2320,0.7677,H,171.86,293.99,326.00,171.86,131.03,0.8220,1.0011,0.9376,0.9197,1.3854,0.9911,0.1268,80.55,43.26,13.72
county.cai,Caithness,0,0,0,0,0,0.8399,H,81.29,205.84,269.52,50.21,79.46,0.8966,1.0379,1.0232,0.9313,1.3093,0.9977,0.1004,51.79,13.53,6.89
county.cam,Cambridgeshire,0,0,0,0,0,0.7197,H,107.28,341.42,402.56,87.47,88.37,0.7973,1.0238,1.0033,0.9012,1.4956,0.9899,0.1567,24.48,20.96,9.31
county.cgn,Cardiganshire,0,0,0,0,0,0.8567,H,112.43,176.37,242.79,90.39,104.83,0.8963,1.0623,1.0272,0.9363,1.2748,0.9973,0.0920,62.36,24.77,8.77
county.chs,Cheshire,0,0,0,0,0,0.7764,H,170.42,267.07,313.17,170.42,129.31,0.8447,1.0148,0.9338,0.9193,1.3678,0.9815,0.1213,82.18,41.00,14.48
county.clk,Clackmannanshire,0,0,0,0,0,0.7365,H,209.79,321.48,371.87,209.79,154.41,0.8187,1.0000,0.9146,0.9106,1.4504,0.9988,0.1447,114.63,54.67,15.27
county.cmn,Carmarthenshire,0,0,0,0,0,0.8081,H,149.70,240.88,290.48,149.70,105.52,0.8697,1.0087,0.9568,0.9277,1.3371,0.9911,0.1097,55.21,28.41,11.22
county.con,Cornwall,0,0,0,0,0,0.7743,H,184.36,268.80,326.05,154.10,152.45,0.8473,1.1149,1.0327,0.9169,1.3855,0.9987,0.1266,82.59,44.51,12.04
county.cul,Cumberland,0,0,0,0,0,0.7933,H,188.76,263.19,311.27,188.76,144.43,0.8584,1.0174,0.9390,0.9217,1.3652,0.9859,0.1199,75.54,40.18,12.98
county.dby,Derbyshire,0,0,0,0,0,0.7567,H,206.47,310.28,339.76,206.47,161.47,0.8362,1.0103,0.8952,0.9119,1.4046,0.9858,0.1356,130.18,49.18,16.41
county.den,Denbighshire,0,0,0,0,0,0.7992,H,175.15,260.23,308.65,175.15,126.32,0.8630,1.0186,0.9400,0.9239,1.3616,0.9854,0.1173,75.11,35.88,12.17
county.dev,Devon,0,0,0,0,0,0.8298,H,105.95,212.78,265.59,96.41,91.17,0.8871,1.0308,0.9904,0.9304,1.3042,0.9950,0.1013,18.16,24.38,9.46
county.dfs,Dumfriesshire,0,0,0,0,0,0.8532,H,94.71,195.35,253.91,88.08,81.29,0.9043,1.0212,1.0071,0.9351,1.2891,0.9976,0.0939,26.12,24.43,7.87
county.dnb,Dunbartonshire,0,0,0,0,0,0.7864,H,164.70,268.36,306.11,164.14,135.15,0.8574,1.0008,0.9018,0.9218,1.3581,0.9977,0.1208,134.02,52.15,15.59
county.dor,Dorset,0,0,0,0,0,0.8427,H,89.70,195.50,261.70,80.22,77.93,0.8940,1.0182,0.9973,0.9346,1.2991,0.9856,0.0958,13.19,20.81,8.24
county.dow,Down,0,0,0,0,1115,0.8141,H,135.87,217.89,243.88,129.93,129.93,0.8590,1.0277,1.0205,0.9461,1.2762,0.9973,0.0797,46.14,51.64,11.80
county.dur,Durham,0,0,0,0,0,0.6230,H,330.76,477.70,512.34,330.24,291.94,0.7283,1.0000,0.7910,0.8786,1.6692,1.0000,0.2163,321.67,99.10,29.35
county.eln,East Lothian,0,0,0,0,0,0.8510,H,112.20,199.32,246.93,112.20,83.41,0.9045,1.0107,0.9758,0.9392,1.2801,0.9858,0.0896,32.36,16.34,8.20
county.ery,East Riding of Yorkshire,0,0,0,0,0,0.7665,H,142.49,292.40,329.25,141.90,112.69,0.8384,1.0006,0.9248,0.9179,1.3899,0.9979,0.1300,96.55,45.04,14.68
county.ess,Essex,0,0,0,0,0,0.7514,H,116.10,286.42,325.88,115.84,109.67,0.8264,1.0007,0.8756,0.9200,1.3852,0.9975,0.1257,178.74,41.60,13.96
county.fer,Fermanagh,0,0,0,0,0,0.8152,H,152.97,219.17,245.16,138.18,148.33,0.8601,1.0550,1.0472,0.9500,1.2778,0.9978,0.0744,101.99,57.62,12.51
county.fif,Fife,0,0,0,0,0,0.7700,H,197.91,289.14,332.02,197.91,147.88,0.8439,1.0000,0.9112,0.9175,1.3938,0.9992,0.1292,122.05,48.58,14.71
county.fln,Flintshire,0,0,0,0,0,0.7720,H,176.78,280.64,337.85,176.78,137.38,0.8394,1.0341,0.9526,0.9168,1.4019,0.9915,0.1284,60.43,31.65,11.92
county.gla,Glamorgan,0,0,0,0,0,0.6064,H,361.90,519.12,543.52,361.80,340.41,0.7171,1.0000,0.7745,0.8722,1.7221,0.9995,0.2332,362.43,123.66,34.12
county.gls,Gloucestershire,0,0,0,0,0,0.7845,H,175.00,268.80,317.84,175.00,126.44,0.8522,1.0008,0.9252,0.9213,1.3742,0.9983,0.1195,98.69,46.74,14.16
county.ham,Hampshire,0,0,0,0,0,0.7908,H,153.56,268.10,307.44,153.48,140.73,0.8581,1.0007,0.9180,0.9232,1.3599,0.9978,0.1171,108.95,50.42,15.00
county.hef,Herefordshire,0,0,0,0,0,0.8798,H,62.81,157.54,216.45,56.66,53.04,0.9238,1.0185,1.0125,0.9433,1.2417,0.9973,0.0802,30.43,12.31,4.89
county.hrt,Hertfordshire,0,0,0,0,0,0.8230,H,94.19,225.40,265.91,93.33,73.88,0.8827,1.0028,0.9604,0.9323,1.3046,0.9912,0.1020,50.85,23.54,10.35
county.hun,Huntingdonshire,0,0,0,0,0,0.7833,H,101.15,264.50,325.36,81.31,87.19,0.8483,1.0318,1.0204,0.9172,1.3845,0.9975,0.1244,47.67,20.06,8.86
county.inv,Inverness-shire,0,0,0,0,0,0.8747,H,90.17,176.55,256.02,75.37,76.23,0.9158,1.0369,1.0197,0.9401,1.2918,0.9966,0.0876,44.94,15.50,6.51
county.kcd,Kincardineshire,0,0,0,0,0,0.8710,H,60.64,174.14,225.98,57.04,51.48,0.9209,1.0170,0.9941,0.9402,1.2536,0.9907,0.0841,13.15,11.40,6.05
county.ken,Kent,0,0,0,0,0,0.7713,H,160.30,287.92,321.99,159.08,141.10,0.8435,1.0007,0.9027,0.9189,1.3799,0.9977,0.1266,131.18,56.21,15.84
county.kkd,Kirkcudbrightshire,0,0,0,0,0,0.8538,H,86.52,194.51,245.45,73.43,73.29,0.9098,1.0340,1.0212,0.9337,1.2782,0.9978,0.0945,45.20,21.53,7.47
county.krs,Kinross-shire,0,0,0,0,0,0.8611,H,109.09,175.22,242.47,77.12,97.90,0.8944,1.0377,1.0282,0.9381,1.2744,0.9970,0.0868,62.27,23.63,9.17
county.lan,Lancashire,0,0,0,0,0,0.6406,H,376.91,492.72,531.48,376.91,311.36,0.7434,1.0008,0.8386,0.8788,1.7014,0.9991,0.2139,268.58,106.25,28.81
county.ldy,Londonderry,0,0,0,0,0,0.7966,H,153.97,247.32,275.19,150.37,148.62,0.8462,1.0392,1.0352,0.9456,1.3168,0.9985,0.0817,74.23,60.96,12.46
county.lei,Leicestershire,0,0,0,0,0,0.7916,H,176.93,267.79,299.36,176.83,147.39,0.8571,1.0008,0.9203,0.9235,1.3490,0.9975,0.1167,102.77,46.10,14.55
county.lin,Lincolnshire,0,0,0,0,0,0.7462,H,116.72,308.28,368.22,104.42,100.88,0.8186,1.0174,0.9865,0.9089,1.4452,0.9854,0.1422,21.12,25.67,10.79
county.lks,Lanarkshire,0,0,0,0,0,0.6140,H,382.67,487.17,542.09,382.67,301.71,0.7251,1.0000,0.8194,0.8706,1.7196,0.9994,0.2299,301.51,115.87,30.70
county.mdx,Middlesex,0,0,0,0,0,0.6818,H,179.21,409.15,434.17,176.04,169.69,0.7641,1.0000,0.8698,0.8914,1.5437,0.9987,0.1830,181.45,75.39,20.26
county.mer,Merionethshire,0,0,0,0,0,0.8368,H,108.32,212.08,246.77,107.03,98.36,0.8779,1.0115,0.9646,0.9371,1.2799,0.9872,0.0914,45.48,23.83,9.77
county.mgy,Montgomeryshire,0,0,0,0,0,0.8953,H,83.59,131.84,179.45,55.80,68.90,0.9177,1.0407,1.0277,0.9529,1.1966,0.9974,0.0652,58.20,14.38,6.74
county.mln,Midlothian,0,0,0,0,0,0.7134,H,261.35,360.55,401.06,261.35,200.65,0.8016,1.0010,0.8762,0.9035,1.4934,0.9988,0.1612,180.65,80.15,19.76
county.mon,Monmouthshire,0,0,0,0,0,0.6744,H,260.88,414.68,446.64,260.88,173.19,0.7671,1.0000,0.8772,0.8944,1.5631,1.0000,0.1813,166.77,83.64,20.59
county.mor,Morayshire,0,0,0,0,0,0.8637,H,49.73,190.38,230.95,18.56,49.07,0.9155,1.0178,0.9934,0.9332,1.2598,0.9883,0.0929,13.86,7.34,6.59
county.nai,Nairnshire,0,0,0,0,0,0.8741,H,96.97,166.35,233.95,74.67,87.33,0.9116,1.0337,1.0213,0.9419,1.2636,0.9977,0.0832,45.63,20.64,8.13
county.nbl,Northumberland,0,0,0,0,0,0.7008,H,262.20,382.47,417.95,262.20,204.03,0.7908,1.0000,0.8501,0.8993,1.5188,1.0000,0.1673,227.29,79.94,22.93
county.nfk,Norfolk,0,0,0,0,0,0.8031,H,101.17,237.42,301.38,92.98,89.79,0.8667,1.0176,0.9967,0.9238,1.3517,0.9932,0.1128,12.28,24.02,9.29
county.nry,North Riding of Yorkshire,0,0,0,0,0,0.8396,H,116.45,212.14,243.35,116.45,92.74,0.8971,1.0113,0.9404,0.9350,1.2755,0.9906,0.0950,73.14,29.02,10.50
county.nth,Northamptonshire,0,0,0,0,0,0.8432,H,110.25,202.89,244.22,110.25,78.61,0.8981,1.0036,0.9630,0.9366,1.2766,0.9912,0.0936,48.90,22.13,9.84
county.ntt,Nottinghamshire,0,0,0,0,0,0.7431,H,214.06,337.51,368.97,213.79,185.44,0.8202,1.0008,0.8931,0.9104,1.4462,0.9976,0.1378,147.82,63.68,18.46
county.oki,Orkney,0,0,0,0,0,0.8770,H,76.29,153.55,243.05,61.42,65.15,0.9176,1.0325,1.0214,0.9423,1.2751,0.9959,0.0824,48.63,12.29,5.25
county.oxf,Oxfordshire,0,0,0,0,0,0.8528,H,95.40,180.64,243.65,93.31,86.36,0.9029,1.0161,0.9985,0.9372,1.2759,0.9902,0.0904,14.43,18.99,8.20
county.pee,Peeblesshire,0,0,0,0,0,0.9097,H,38.16,140.43,186.64,25.02,35.00,0.9519,1.0122,0.9790,0.9502,1.2052,0.9886,0.0683,27.63,9.62,4.72
county.pem,Pembrokeshire,0,0,0,0,0,0.8036,H,113.06,232.82,293.24,107.58,96.98,0.8669,1.0228,0.9974,0.9265,1.3408,0.9892,0.1111,15.22,21.69,9.64
county.per,Perthshire,0,0,0,0,0,0.9113,H,48.98,129.98,187.14,43.64,38.38,0.9523,1.0340,1.0214,0.9511,1.2058,0.9974,0.0682,46.05,10.89,3.91
county.rad,Radnorshire,0,0,0,0,0,0.8994,H,66.96,135.35,191.36,46.30,60.93,0.9197,1.0311,1.0202,0.9488,1.2109,0.9975,0.0730,43.97,12.36,5.60
county.rfw,Renfrewshire,0,0,0,0,0,0.6645,H,241.47,434.14,489.77,241.47,212.39,0.7432,1.0007,0.9012,0.9041,1.6319,0.9989,0.1669,138.06,71.13,22.68
county.roc,Ross and Cromarty,0,0,0,0,0,0.8581,H,80.23,192.78,264.39,72.41,66.82,0.9059,1.0386,1.0196,0.9353,1.3026,0.9978,0.0947,45.16,17.44,6.58
county.rox,Roxburghshire,0,0,0,0,0,0.8866,H,62.16,161.12,204.38,27.53,61.21,0.9274,1.0305,1.0196,0.9434,1.2268,0.9994,0.0788,38.60,8.54,5.41
county.rut,Rutland,0,0,0,0,0,0.8572,H,85.60,172.33,238.21,74.95,76.91,0.9065,1.0291,1.0220,0.9363,1.2690,0.9975,0.0906,47.87,20.42,7.34
county.sal,Shropshire,0,0,0,0,0,0.8084,H,160.20,250.29,289.25,160.20,125.06,0.8681,1.0232,0.9631,0.9271,1.3354,0.9900,0.1094,47.24,29.41,11.12
county.sel,Selkirkshire,0,0,0,0,0,0.8591,H,77.74,181.50,210.18,70.78,75.48,0.9132,1.0008,0.9323,0.9430,1.2339,0.9978,0.0816,87.02,24.56,11.04
county.sfk,Suffolk,0,0,0,0,0,0.8213,H,96.32,219.41,281.27,91.57,86.32,0.8797,1.0161,0.9914,0.9298,1.3248,0.9939,0.1040,16.71,26.97,9.28
county.shi,Shetland,0,0,0,0,0,0.8617,H,89.02,183.53,264.35,69.76,79.83,0.9085,1.0372,1.0211,0.9373,1.3026,0.9978,0.0915,47.60,20.47,7.52
county.som,Somerset,0,0,0,0,0,0.8121,H,125.27,232.66,287.09,123.42,100.53,0.8738,1.0225,0.9789,0.9275,1.3325,0.9901,0.1079,29.16,21.73,9.94
county.sry,Surrey,0,0,0,0,5593,0.6677,H,281.59,419.04,444.39,260.75,277.20,0.7653,1.0011,0.8066,0.8917,1.5595,0.9975,0.1855,293.90,114.17,25.16
county.ssx,Sussex,0,0,0,0,1479,0.7680,H,149.29,284.51,325.58,147.52,123.90,0.8424,1.0008,0.9309,0.9181,1.3848,0.9926,0.1272,87.32,45.79,14.34
county.sti,Stirlingshire,0,0,0,0,0,0.7651,H,200.34,295.75,334.51,200.34,151.88,0.8404,1.0009,0.9088,0.9184,1.3973,0.9982,0.1293,125.63,49.04,14.98
county.sts,Staffordshire,0,0,0,0,0,0.6927,H,297.54,382.49,418.21,295.63,237.10,0.7802,1.0010,0.8657,0.8978,1.5192,0.9986,0.1693,193.50,79.52,21.31
county.sut,Sutherland,0,0,0,0,0,0.8867,H,62.72,162.46,230.68,50.97,49.87,0.9265,1.0251,1.0158,0.9427,1.2595,0.9980,0.0825,38.23,10.45,4.71
county.tyr,Tyrone,0,0,0,0,376,0.7934,H,152.91,249.46,290.72,146.64,148.47,0.8467,1.0493,1.0418,0.9463,1.3374,0.9975,0.0842,89.18,58.64,12.83
county.war,Warwickshire,0,0,0,0,0,0.7519,H,217.59,296.03,331.14,216.21,183.02,0.8242,1.0008,0.9075,0.9138,1.3925,0.9974,0.1315,122.35,60.83,16.81
county.wes,Westmorland,0,0,0,0,0,0.8817,H,81.85,154.61,195.03,62.82,77.31,0.9044,1.0262,1.0004,0.9469,1.2153,0.9957,0.0738,18.27,14.21,6.79
county.wig,Wigtownshire,0,0,0,0,0,0.8215,H,117.92,227.36,287.19,96.24,100.96,0.8809,1.0438,1.0318,0.9294,1.3327,0.9978,0.1067,70.20,30.50,9.74
county.wil,Wiltshire,0,0,0,0,0,0.8762,H,72.27,157.07,218.99,67.18,59.82,0.9210,1.0154,0.9990,0.9410,1.2448,0.9918,0.0809,13.77,11.96,6.52
county.wln,West Lothian,0,0,0,0,0,0.7573,H,190.72,306.45,333.75,190.72,136.52,0.8367,1.0000,0.8884,0.9151,1.3962,0.9948,0.1337,141.10,51.54,15.19
county.wor,Worcestershire,0,0,0,0,0,0.7834,H,173.32,265.20,313.45,173.32,130.28,0.8500,1.0009,0.9262,0.9210,1.3681,0.9973,0.1206,95.06,47.80,14.23
county.wry,West Riding of Yorkshire,0,0,0,0,0,0.7122,H,279.62,384.39,417.09,279.62,209.08,0.8044,1.0011,0.8692,0.8985,1.5175,0.9986,0.1631,197.58,60.55,21.98
