run	tier	dial	tpy	L	cls	ticks_to_tol	peak_Dhat	D0	dead	baskets_trough	baskets_none	worst_fill	transfer_short	depth_min	breach_ticks	smax_services	smax_goods	F_lo_entrant	F_hi_entrant	sat_entrant	F_lo_trained	F_hi_trained	sat_trained	F_lo_master	F_hi_master	sat_master	dead_labour	dead_land	dead_services	dead_goods	dead_mach	dead_labour.trained	dead_labour.master	trough_labour	trough_land	trough_services	trough_goods	trough_mach	trough_labour.trained	trough_labour.master	live_trained	max_trained	band_trained	end_trained	gapend_trained	live_master	max_master	band_master	end_master	gapend_master	ticks_run	stopped_early	err
coin.desk.goods*0.5	3S		52.0	24000	CONVERGED	457	693.1471805599454	693.1471805599454	0	0.5000000000000002	0	0.5025294645072735	0.0	0.6052546541355447	0	0.0	0.0	0.35156806229415716	0.38117100739674187	0	0.24397733354021506	0.2641319089017212	0	0.3540243173288958	0.5008597048902506	0	0	0	0	0	0	0	0	0.9208073356481448	0.8247996932361881	0.7592059762839426	0.5000000000000001	0.7142857142857143	0.886968194010957	0.5	4001	0.43495828498583705	25	0.39142810838832887	-1.1102230246251565e-16	0	0.0	0	0.0	-0.6530159409248782	4001	True	
coin.desk.goods*2	3S		52.0	24000	CONVERGED	479	451.9851237430567	451.9851237430567	0	0.6363636363636368	0	0.5	0.0	0.5970083012122432	0	0.0	0.0	0.338565149672187	0.4244249790094611	0	0.23646293969074655	0.2895084678907172	0	0.41630746334435564	0.5807146980830455	0	0	0	0	0	0	0	0	0.9414748815547328	0.9635670651911104	0.6363636363636368	0.6723676680151225	0.8195613371650602	0.8894164932781816	0.8373214011251151	4001	0.4241780764372849	26	0.39142810838833075	0.0	0	0.0	0	0.0	-0.6530159409248774	4001	True	
coin.desk.mach*0.5	3S		52.0	24000	CONVERGED	484	693.1471805599456	693.1471805599456	0	0.5419088105712923	0	0.5328344616944063	0.0	0.460394180357397	0	0.0	0.0	0.31274317331000007	0.3964699562255839	0	0.21514397277789432	0.274511718686281	0	0.4206364751363761	0.48660703498864066	0	0	0	0	0	0	0	0	0.8276949871158218	0.7532938560048138	0.5442253066763524	0.5419088105712923	0.542901594616318	0.8521914501248001	0.8905568215256038	4001	0.47403692810236675	32	0.39142810838833075	-3.33066907387547e-16	0	0.0	0	0.0	-0.6530159409248759	4001	True	
coin.desk.mach*2	3S		52.0	24000	CONVERGED	515	562.9590767570825	559.6157879354223	0	0.5714285714285718	0	0.5577746497774387	0.0	0.7399539160575449	0	0.0	0.0	0.35593775255198745	0.4343924415032199	0	0.2527986520026839	0.2959163668507582	0	0.4491547871569801	0.526186471148768	0	0	0	0	0	0	0	0	0.9808630265414054	0.8053500083243573	0.5714285714285718	0.5714285714285718	0.5714285714285716	0.7808471389146803	0.9731687055067904	4001	0.5337189970036732	32	0.39142810838833025	0.0	0	0.0	0	0.0	-0.6530159409248771	4001	True	
coin.desk.services*0.5	3S		52.0	24000	CONVERGED	512	693.1471805599452	693.1471805599452	0	0.5000000000000001	0	0.5031734609526247	0.0	0.5164136285905455	0	0.0	0.0	0.2815939363959114	0.417697629836951	0	0.20110211397310992	0.28281777651451795	0	0.40817105007567067	0.4998675681606869	0	0	0	0	0	0	0	0	0.6363636363636364	0.7366442502491032	0.5000000000000001	0.5170165693227485	0.599559468409261	0.5	0.8425669292310111	4001	0.4988226092625222	32	0.3914281083883312	-1.1102230246251565e-16	0	0.0	0	0.0	-0.6530159409248757	4001	True	
coin.desk.services*2	3S		52.0	24000	CONVERGED	465	1066.5970395685595	1066.5970395685595	10	0.34417775012913093	0	0.33532373849915503	0.0	0.6704962730685227	0	0.0	0.0	0.363705424183005	0.42689633703432395	0	0.2527986520026839	0.3026639992695061	0	0.400343369636934	0.5257394026065572	0	0	0	0	10	1	0	0	1.0	0.8920063805972482	0.6395923261536796	0.344177750129131	0.4707839969967947	0.8920508293196239	0.8508866723904895	4001	0.46765208625755667	29	0.39142810838832964	0.0	0	0.0	0	0.0	-0.653015940924876	4001	True	
coin.provider*0.5	3S		52.0	24000	CONVERGED	372	271.8342894120182	271.8342894120182	0	0.7619805188682356	0	0.9660901085752077	0.0	0.6636791569201147	0	0.0	0.0	0.34436669295808664	0.3682459229238286	0	0.24077113469262304	0.2555286888550285	0	0.4352901167302611	0.4655287543994979	0	0	0	0	0	0	0	0	0.9296471891346095	0.8169080914371042	0.7619805188682356	0.7619805188682356	0.9105350056349119	0.9112530349044357	0.9099964836827694	4001	0.4102079874200385	22	0.3914281083883305	0.0	0	0.0	0	0.0	-0.6530159409248767	4001	True	
coin.provider*2	3S		52.0	24000	CONVERGED	557	733.2752317473715	733.2752317473715	0	0.6386506775981674	0	0.4574354236822086	3.30048433935326	0.6517758069868075	0	0.0	0.0	0.3158337018340375	0.4275183108598791	0	0.22242812966798917	0.2938454554106206	0	0.4180476297278273	0.5373501938494242	0	0	0	0	0	0	0	0	0.8660352644562332	0.7237063423826537	0.6386506775981674	0.6465690547440478	0.6459852051975132	0.8937321772312418	0.9057698644102926	4001	0.4745436128603187	30	0.39142810838832875	0.0	0	0.0	0	0.0	-0.6530159409248782	4001	True	
coin.workers*0.5	3S		52.0	24000	CONVERGED	312	208.7786858484793	208.7786858484793	0	0.8115748287640523	0	0.9730526204141813	0.0	0.6801351256027374	0	0.0	0.0	0.3484526063596192	0.36733969728307103	0	0.24332319344214656	0.2549862334549972	0	0.4408644021338611	0.4647395709518179	0	0	0	0	0	0	0	0	0.9444815017708107	0.8550575605877325	0.8115748287640523	0.8115748287640523	0.9293796439488711	0.9299593681232162	0.9289448508181127	4001	0.40609379865155587	22	0.39142810838833003	0.0	0	0.0	0	0.0	-0.6530159409248757	4001	True	
coin.workers*2	3S		52.0	24000	CONVERGED	496	598.8583660626131	598.8583660626131	0	0.6968415527991267	0	0.5319058787118544	0.0	0.6715030344281446	0	0.0	0.0	0.3253883762437044	0.41725651676688214	0	0.22858177318162726	0.2861822782672459	0	0.4269811252083949	0.5266019697405264	0	0	0	0	0	0	0	0	0.8926908485377353	0.7716326594721765	0.6968415527991269	0.7054978680609258	0.7049615402022302	0.9154141730062993	0.9251257712848557	4001	0.4588153408373735	30	0.39142810838832837	0.0	0	0.0	0	0.0	-0.6530159409248774	4001	True	
coin.workers.master*0.5	3S		52.0	24000	CONVERGED	255	56.84059711151304	56.84059711151304	0	0.9447446523909937	0	0.991879133321573	0.0	0.7227930205772639	0	0.0	0.0	0.3592490985442752	0.3648096276596851	0	0.2500382959169652	0.25346557779776857	0	0.45553055549022864	0.46251771131903274	0	0	0	0	0	0	0	0	0.9838193388950547	0.9574958864546105	0.9447446523909937	0.9447446523909937	0.97943096924184	0.9795998952322357	0.979296135967626	4001	0.39557522609770157	20	0.3914281083883308	-1.1102230246251565e-16	0	0.0	0	0.0	-0.6530159409248755	4001	True	
coin.workers.master*2	3S		52.0	24000	CONVERGED	441	193.10037657567278	193.10037657567278	0	0.8944122854388731	0	0.8216845672960907	0.0	0.7171510278655923	0	0.0	0.0	0.35214131200910465	0.3824365930047822	0	0.24558893538077708	0.26400796351712164	0	0.45131451254459687	0.4855300985669454	0	0	0	0	0	0	0	0	0.967672648702833	0.9273043802539245	0.8944122854388731	0.8995464932288169	0.8984985540744371	0.9747387365443098	0.9778481105132933	4001	0.41259033279446106	26	0.3914281083883302	0.0	0	0.0	0	0.0	-0.653015940924875	4001	True	
coin.workers.trained*0.5	3S		52.0	24000	CONVERGED	273	78.83954455809123	78.83954455809123	0	0.9241882035752834	0	0.9889261431833395	0.0	0.716336608251002	0	0.0	0.0	0.3575913429003921	0.36521121095019227	0	0.24901014730206902	0.25370760944907067	0	0.45328791425462506	0.4628723416875973	0	0	0	0	0	0	0	0	0.9777841647750882	0.9416832335194488	0.9241882035752835	0.9241882035752835	0.9717520412206615	0.9719919023874752	0.9715687057146216	4001	0.39714993922957165	20	0.39142810838833036	0.0	0	0.0	0	0.0	-0.6530159409248774	4001	True	
coin.workers.trained*2	3S		52.0	24000	CONVERGED	451	260.8880721450669	260.8880721450669	0	0.8590881211270358	0	0.7658040586587809	0.0	0.7106599439778772	0	0.0	0.0	0.34790609502789605	0.3887346068418605	0	0.2429194675848887	0.2677667456448151	0	0.44751039310290425	0.4932856200589176	0	0	0	0	0	0	0	0	0.9558236397004358	0.9012879924756521	0.8590881211270358	0.8655442920780463	0.8643256618926678	0.9654194749136635	0.9696058517229594	4001	0.4201695466912205	28	0.3914281083883302	0.0	0	0.0	0	0.0	-0.6530159409248755	4001	True	
stock.goods*0.5	3S		52.0	24000	CONVERGED	244	693.1471805599452	693.1471805599452	0	0.5000000000000001	0	0.5000000000000001	0.0	0.7310055941019153	0	0.0	0.0	0.361903842798161	0.3657757828829933	0	0.25169468073063245	0.25415634234011675	0	0.4540558095327797	0.4693322768131684	0	0	0	0	0	0	0	0	0.9947666466337959	0.9850657620799741	0.9739404548962091	0.5	0.972810690867417	0.9935493011950585	0.95241870901798	4001	0.39453772037197055	12	0.3914281083883296	-1.1102230246251565e-16	0	0.0	0	0.0	-0.6530159409248786	4001	True	
stock.goods*2	3S		52.0	24000	CONVERGED	346	58.499997266298024	58.47719340949282	0	0.9433808316024911	0	0.9378822414275182	0.0	0.7228611673316543	0	0.0	0.0	0.36242133209357486	0.3667618800768414	0	0.2521495704485972	0.2547650284559165	0	0.4449134826513864	0.4650933094204743	0	0	0	0	0	0	0	0	0.9956076151486657	0.973958584939783	0.9685388697011756	0.9433808316024913	0.9618461180721459	0.986725967266664	0.9569461795786517	4001	0.39849717956777325	19	0.3914281083883285	-3.33066907387547e-16	0	0.0	0	0.0	-0.6530159409248778	4001	True	
stock.mach*0.5	3S		52.0	24000	CONVERGED	354	1252.7629684953677	1252.7629684953677	2	0.285714285714286	0	0.28571428571428586	0.0	0.7021171480500481	0	0.0	0.0	0.35354517326470375	0.37095817446087415	0	0.24635435696242822	0.25766621877067597	0	0.4528769604209155	0.4673317147237446	0	0	0	1	1	1	0	0	0.9553108074332054	0.953135116759119	0.285714285714286	0.285714285714286	0.2857142857142858	0.9597876464642174	0.9646862686113866	4001	0.40587879733919124	24	0.39142810838833053	-1.1102230246251565e-16	0	0.0	0	0.0	-0.653015940924875	4001	True	
stock.mach*2	3S		52.0	24000	CONVERGED	354	74.91902329716963	74.91902329716963	0	0.9548883236102798	0	0.9407255178428714	0.0	0.729121250779667	0	0.0	0.0	0.36347597794141306	0.3709402406985275	0	0.2524270027549899	0.25697342258318623	0	0.46153846153846145	0.4703262035383011	0	0	0	0	0	0	0	0	0.9966433717481104	0.9697282311160347	0.9548883236102798	0.9564731284971487	0.9564235658273631	0.9991960802038314	0.9970358568830847	4001	0.40075493351580754	25	0.3914281083883299	-1.1102230246251565e-16	0	0.0	0	0.0	-0.6530159409248748	4001	True	
stock.services*0.5	3S		52.0	24000	CONVERGED	342	693.1471805599452	693.1471805599452	0	0.5000000000000001	0	0.5000000000000001	0.0	0.7295635488124631	0	0.0	0.0	0.35799915579434877	0.37103501181661147	0	0.2488804688030382	0.25736684894513245	0	0.45762311824492385	0.46597554356892995	0	0	0	0	0	0	0	0	0.965395424740349	0.9762557644382873	0.5	0.9361042739094244	0.9537020338817375	0.95241870901798	0.9872194923651391	4001	0.39902361493839705	24	0.39142810838833036	-1.1102230246251565e-16	0	0.0	0	0.0	-0.6530159409248762	4001	True	
stock.services*2	3S		52.0	24000	CONVERGED	370	67.57949806714907	56.07044483582506	0	0.950382197152936	0	0.9390107810234614	0.0	0.7045712066065059	0	0.0	0.0	0.35129525607878836	0.3687541438796671	0	0.24502176304040377	0.2557456514164724	0	0.460464090978842	0.46543528952327307	0	0	0	0	0	0	0	0	0.965602369306213	0.9738456267077247	0.950382197152936	0.9532124427758305	0.9580645165712263	0.9560209274932343	0.988525453194857	4001	0.3996536103029334	21	0.3914281083883296	0.0	0	0.0	0	0.0	-0.653015940924875	4001	True	
